time,station_id,grid,combination,HFB(HBV),HFB(RECAL_HBV),HFB(HYMOD),HFB(LSTM),RMSE(PRECIP)
historical,01108000,1,0,52.53298388529607,46.56823287119331,47.22503280246037,53.27494926358164,5.115133578738987
historical,01108000,1,1,-13.233425894800236,0.01668275161968481,-4.3862290558480135,4.906647492624139,7.33533630387206
historical,01108000,1,2,6.347203094984083,13.020887639165426,16.469879709019448,21.289943720737412,7.09058452310775
historical,01108000,1,3,-6.512946232325666,0.9685171452809123,3.178814907373194,11.56473366404108,6.105341352890715
historical,01108000,1,4,-2.273441976972795,4.425266694638079,5.558025529614804,11.226907943742424,7.185634068325464
historical,01108000,1,5,-1.2626340563359855,3.6416778510614,0.13646490824903731,7.447430564302413,5.099425500498553
historical,01108000,1,6,-4.154589049608662,8.065693339328002,8.123082004899725,2.614437420079192,5.139083368873839
historical,01108000,1,7,-10.785732577159813,-1.504617368579541,0.6757348543554079,-2.053396483109133,4.297688842479287
historical,01108000,1,8,11.74782686306714,12.699494429212166,12.576542549775077,15.59028162987147,4.673461547991804
historical,01108000,1,9,25.18453208635326,24.79165328570964,24.280827431114833,24.04676842589063,4.999707304142078
historical,01108000,2,0,-11.114215956551444,-4.01920852021491,-3.209427756595317,-6.025559643756523,3.328653852066606
historical,01108000,2,1,7.372358182013823,8.886151063984194,9.585158356849062,8.09889201505118,3.2820936108106125
historical,01108000,2,2,6.346118716128803,5.639020288728382,6.919921958087925,8.957219585884056,2.778238476989118
historical,01108000,2,3,-2.810709992884804,1.4077739954272588,6.968301937785015,9.015609216552958,5.700454804103155
historical,01108000,2,4,10.619488957269631,8.239611024963233,10.525314824376505,10.090812558441767,3.3335258574932243
historical,01108000,2,5,-2.0619046864351698,5.985938108659765,5.181829480590868,-1.3602281533111487,3.9667043480424704
historical,01108000,2,6,-8.37707689830945,0.5700496228446933,-4.7202177432741435,-0.741298068220777,4.419219103738416
historical,01108000,2,7,10.489029839603683,12.696324706404424,12.434572333491541,8.629403516557216,3.8819386312233917
historical,01108000,2,8,27.58501321690997,26.876496755621883,21.97468726096745,18.487241448630055,3.6726996791341
historical,01108000,2,9,1.5989583289888638,2.59917270234718,5.6113269210397,1.9796587209501164,3.1132318599022826
historical,01108000,3,0,-0.09592582181319989,3.573361983178779,3.255388737307552,9.135725028214702,4.509685061511829
historical,01108000,3,1,21.339408079289782,21.392459229440387,19.916786434921,16.315147187746852,2.7686759970403085
historical,01108000,3,2,14.619262071847603,13.071186135298785,15.083626463181584,7.846982465593913,3.093516487725875
historical,01108000,3,3,0.14322142265501098,2.243162782783068,4.121140132611193,4.737317563684317,2.332314244994832
historical,01108000,3,4,1.2470356835715732,4.130899542308711,3.8677291355081516,3.185821663053459,3.5326581273712323
historical,01108000,3,5,14.896112334976308,11.302063739789112,8.91284346657569,10.669704039644893,2.8178354262140575
historical,01108000,3,6,11.594345548166023,7.755978055508521,12.22578769697116,12.831788649556284,2.5555180693096484
historical,01108000,3,7,-3.640843713480415,-2.250503193495729,-0.7989369750667927,-9.254506219746872,1.6926321174371572
historical,01108000,3,8,5.987689797579835,6.0928745465419585,6.472323732131728,7.7744124960482734,2.5102797833269714
historical,01108000,3,9,16.536777543014388,13.352207086332408,8.894992922342626,16.102442104595845,2.512129287535257
historical,01108000,4,0,5.087905588972036,4.365709271355798,5.042194849534093,4.683098620920336,2.844863014660785
historical,01108000,4,1,-4.974713119232459,-2.759911014202859,-1.2950820082362746,-10.238788565308383,1.0104152758076512
historical,01108000,4,2,-2.0773362316833794,-0.029111401576353516,0.13554735690995373,-5.445834024972409,2.076981314734117
historical,01108000,4,3,3.4777698163979758,3.314362264283149,4.909650387915682,6.121151810537326,2.773647212585385
historical,01108000,4,4,-3.0702101943290323,-1.7325871694625596,5.919624170971509,-6.561075970748466,2.8208409415236146
historical,01108000,4,5,6.284976431442652,6.167029377491466,8.901999678022893,3.976584089826607,3.411842862516496
historical,01108000,4,6,-1.9935888185525548,1.2808182556014447,0.7433834121732367,1.2239300725783122,2.2271083322148195
historical,01108000,4,7,2.7663338735764382,1.9357830841903407,4.13089954230871,1.7394270976266286,3.259357813258131
historical,01108000,4,8,8.403769300900953,7.786757732246841,2.3904714795848983,9.331747359746025,2.739474535877627
historical,01108000,4,9,1.3517199499851076,1.6100523588159592,0.011427684859485391,-1.2701412945648476,2.673231521125029
historical,01108000,5,0,-1.2511229577184018,-0.7024272569469096,2.6432151666231505,-6.969803385430784,1.1544452319815333
historical,01108000,5,1,1.5038666447566553,0.942492052754198,1.082460338843369,-3.950225342267503,1.6581129684399434
historical,01108000,5,2,0.2841072600832653,1.9913366470838993,0.5085736831261461,4.899974391976265,2.6326375297482025
historical,01108000,5,3,-7.56788003099655,-4.730060566729756,-2.4386846317657946,-12.128944323818885,1.0300206138027328
historical,01108000,5,4,4.657407183426018,3.753952769461889,6.82199420608036,1.179720780786142,2.5327747588099014
historical,01108000,5,5,0.5501971484172651,1.0201502615438376,3.6638659107155824,-2.5572155820236664,2.389765868706061
historical,01108000,5,6,1.59078378069522,3.8036673692885548,4.180280487102979,-4.459049266667945,1.96490655690958
historical,01108000,5,7,-0.5332641555232841,2.0973555336270056,0.0012512063714750644,3.0515255125149836,2.9797748705909903
historical,01108000,5,8,10.991097249598152,8.796147618995983,9.822303671122906,11.509680583696117,2.2066483828953323
historical,01108000,5,9,5.679058892615629,6.290481739477144,10.718334260616277,2.697017040596645,3.896311596002263
historical,01108000,6,0,7.499147094323446,8.795480308931195,6.013631476348447,6.740081895627702,2.402984105070828
historical,01108000,6,1,-4.351946001269559,-1.591701332034301,-1.0355818067920504,-3.003479187850287,0.9267436146959643
historical,01108000,6,2,6.009377374685426,5.095162585926599,5.362587094390175,7.806943861706663,2.64200511100676
historical,01108000,6,3,-4.48766018569571,-0.36727077690739757,-1.2535419567032537,-10.244627528375275,1.0830219990373717
historical,01108000,6,4,0.03561767470803096,0.5934888888703532,3.311776437782092,-0.18826485202816512,0.8702704810474187
historical,01108000,6,5,-1.8714710766964473,-2.7685860450450996,0.5948235089999265,-1.0315779464033261,0.748483327282699
historical,01108000,6,6,7.252492611626378,3.2925078596613573,1.8857348293312772,11.108460407242651,2.811899182036017
historical,01108000,6,7,0.9917061700322716,2.6244470710510037,3.320785123656727,-4.378972058893452,1.5416083701234995
historical,01108000,6,8,-0.011344271101387153,1.0626078644159436,1.9884171655504495,-2.5822397094532,2.1285378905055814
historical,01108000,6,9,2.3958099601031977,4.777439581329665,1.7432641304991565,6.831002891954993,2.690602516116075
historical,01108000,7,0,-2.40214940571868,0.8910257640074661,1.0027167861012658,-1.563757723071327,0.8011443599732083
historical,01108000,7,1,10.479687498696661,9.047973754695152,7.133711420094207,9.129886065147813,2.068166292079385
historical,01108000,7,2,0.2474052065199513,-0.27935267587165535,0.9205542343743094,-5.428317135771737,1.3991387566508204
historical,01108000,7,3,-4.633300607335573,-3.5771990160513107,0.07415483094950917,-2.6948482828860834,0.7288268742806526
historical,01108000,7,4,-2.1355590348360893,0.1472252830437368,2.196868147038434,-8.859959143941282,1.495616915951108
historical,01108000,7,5,-0.8997842086078021,-0.3286502069078256,0.01443058015103088,-0.4802130053726812,0.8439325657309583
historical,01108000,7,6,-2.4081551963017667,-3.0568639930332813,1.0489280080877983,-1.4327981228567883,0.4761913861248732
historical,01108000,7,7,-1.5411525946266527,-0.19568867649892321,-2.580488020533131,-1.2376099289064546,0.734767391241727
historical,01108000,7,8,-1.3188549292943288,-0.5651282111168884,-0.4082269321337307,-0.961510389600641,0.6163107501736111
historical,01108000,7,9,-2.698351660726221,-0.5843967892376275,1.4141968548008366,-1.6271521792261396,0.6006437100523893
historical,01108000,8,0,-1.8167516513838737,0.5295939501669541,-2.5266861465596397,-1.0991430904630566,0.6042201455762352
historical,01108000,8,1,3.7226726101749783,4.6758416239657725,5.686816372118784,6.272964850276476,2.553963440743354
historical,01108000,8,2,-0.5204184367761256,-0.37786432418590504,2.525601767704361,-0.24582034511608178,0.47592569732223905
historical,01108000,8,3,2.9183971545898864,5.249644865924894,4.953359197159261,-3.3037687170046457,1.4106757977777629
historical,01108000,8,4,2.6240300022605125,2.1821873256131115,1.665856162983807,5.468856222207576,2.311726923616122
historical,01108000,8,5,-1.9632262106047262,-1.241613789295179,0.2287205247059043,-1.124167217892586,0.6129176526636203
historical,01108000,8,6,0.38587204496335376,0.49731282578285724,4.245927114726447,0.06698124775304137,0.8171730837358921
historical,01108000,8,7,-3.513387491106009,-2.4797242007502214,-1.1452708986914908,-2.1059471507111462,0.9880794792438656
historical,01108000,8,8,1.1003108830764303,4.253934835503896,2.954515311846502,-5.218948602944673,1.317695599850933
historical,01108000,8,9,-0.19051702349681907,0.4622790473815168,2.248918332091858,-6.532715292994997,1.329428632559085
historical,01108000,9,0,2.3800447598225962,1.955552144859669,2.277112182329128,-3.7074913062010633,1.4028064661238109
historical,01108000,9,1,-1.1845587787558503,-1.713318591341819,0.8810161130356523,-0.7162739407912453,0.5177000285223129
historical,01108000,9,2,4.933756964006127,4.023712863152222,2.568309611850762,0.1929360224816754,1.9037630237200323
historical,01108000,9,3,0.29878808150858793,0.21637528850733534,3.300682407955001,0.22796980088302018,0.27791791379607084
historical,01108000,9,4,0.15298083235252416,-0.872758150983909,0.8790975965993869,0.04779608339039754,0.505585177625077
historical,01108000,9,5,-1.9986770577965611,-0.49831379088004346,1.736757857367479,-1.1900640867903458,0.4379132746536082
historical,01108000,9,6,-2.174846914900447,2.2902081423505845,-0.8379746138568603,-1.1975713250192082,0.19209290170016052
historical,01108000,9,7,0.656549689992767,0.20002619192004198,-2.049058967688014,0.5466103568190319,0.34765594569822145
historical,01108000,9,8,-0.27401419535335325,0.13379566798988182,2.0151095681419493,-0.16324072459863273,0.3726364627644038
historical,01108000,9,9,0.14580724915606227,0.7027609119792981,-2.8007837556710955,0.16207293198525888,0.45045647516432524
historical,01108000,99,0,0.0,-0.46344683999489666,-0.014513993909126156,7.078741753507342,0.0
historical,01108000,99,1,0.0,2.5530448941187482,1.9900020269543204,,0.0
historical,01108000,99,2,0.0,0.5976595767752741,1.5821087498529813,,0.0
historical,01108000,99,3,0.0,-0.24807251658474166,1.1176609447609085,,0.0
historical,01108000,99,4,0.0,2.565390130317314,-3.235953331670623,,0.0
future,01108000,1,0,55.26838308100886,50.7691110461966,51.05332816856504,57.282642719796414,5.115133578738987
future,01108000,1,1,-14.127519058633867,-1.03274072069425,-49.61296178748993,23.39669079279387,7.33533630387206
future,01108000,1,2,17.059299399566644,24.73943376097537,17.90016162162884,36.48612626697012,7.09058452310775
future,01108000,1,3,-1.0474335960434928,6.011592852874375,-17.972406431646483,23.368234235793352,6.105341352890715
future,01108000,1,4,-3.843145134828909,3.2877776764698505,7.938450209446065,25.93861630281958,7.185634068325464
future,01108000,1,5,-10.07054322405822,-4.17602877712883,-11.617360358157718,20.43662811867894,5.099425500498553
future,01108000,1,6,2.7001207371061287,14.744503674089954,18.284034768105194,21.49823191861657,5.139083368873839
future,01108000,1,7,-11.032897522130781,-2.1324414622488974,-40.388333276226646,15.417820657485844,4.297688842479287
future,01108000,1,8,2.4760108320755325,5.211557078916999,-15.463757670929535,24.854944152555017,4.673461547991804
future,01108000,1,9,25.411473103036545,25.37401498208689,10.048823321368028,35.207323440130594,4.999707304142078
future,01108000,2,0,-11.227912049493508,-3.514094416533147,-12.766772962554079,12.982171676666143,3.328653852066606
future,01108000,2,1,6.808608747313322,9.004177306418464,-11.25863351613284,22.460528142083007,3.2820936108106125
future,01108000,2,2,0.2224257414530135,0.0502345342968272,-20.77212511825442,8.746209906017862,2.778238476989118
future,01108000,2,3,4.304315582055641,8.867295459785366,15.597619638044211,21.522623253188442,5.700454804103155
future,01108000,2,4,5.054232970928433,2.6351933274600516,6.0513739580689725,19.475493387334975,3.3335258574932243
future,01108000,2,5,-2.1346482972815872,7.355787686208965,8.679017586732968,17.53986676523863,3.9667043480424704
future,01108000,2,6,-5.223694671596816,3.4987627205165377,-36.238728444884,18.063699712472623,4.419219103738416
future,01108000,2,7,13.557052202682698,16.48499961961133,0.24757204590449033,28.53397045047891,3.8819386312233917
future,01108000,2,8,34.26599214947474,33.57664657478877,21.35194198579147,35.07317109998531,3.6726996791341
future,01108000,2,9,0.897194590001988,1.9540943468436156,-17.41959425595686,11.036091625467572,3.1132318599022826
future,01108000,3,0,4.280621142757254,7.833799769211512,-6.6497746995655485,21.809511807438543,4.509685061511829
future,01108000,3,1,21.689181223550648,21.92606754192841,17.54038943669374,24.370021191423774,2.7686759970403085
future,01108000,3,2,14.52021954524099,13.240081002460622,18.876976496626153,24.154564402705578,3.093516487725875
future,01108000,3,3,0.9176368513574618,3.1904446366068617,-12.346080515795425,9.711990605851712,2.332314244994832
future,01108000,3,4,-1.3267143768914202,2.86278770885806,-21.75335366331712,16.549694730832908,3.5326581273712323
future,01108000,3,5,9.601474630398688,6.416721305191928,-28.09405530909339,15.65534579653097,2.8178354262140575
future,01108000,3,6,7.036086979499085,3.3381283599789335,-8.05117301993179,13.692424109556583,2.5555180693096484
future,01108000,3,7,-2.1606076462187946,-0.4452580051488947,-18.430905446991535,-4.2584366432180785,1.6926321174371572
future,01108000,3,8,1.689796814375551,1.8732544951196965,-21.820545982602006,8.69510425262918,2.5102797833269714
future,01108000,3,9,11.522466451751907,8.737614864311581,-17.773617054885733,17.0154530719434,2.512129287535257
future,01108000,4,0,4.004302166821625,3.1733126278004273,-12.633491741500638,10.320612478026021,2.844863014660785
future,01108000,4,1,-5.138557299019762,-2.432280653664538,-13.820420541452789,-7.102350105086002,1.0104152758076512
future,01108000,4,2,-4.00610247961146,-1.3947778152681676,-28.33187082116913,4.3749343031018215,2.076981314734117
future,01108000,4,3,4.593701344369055,3.827639214993931,-15.647099202461437,12.24055895646902,2.773647212585385
future,01108000,4,4,-2.5336789159561763,-1.5148761007315676,10.151092702751516,6.1525979965422355,2.8208409415236146
future,01108000,4,5,7.795993200625113,7.4159529781529105,-3.27389784560634,15.279603094911906,3.411842862516496
future,01108000,4,6,-1.4131874654093122,1.900839933028366,-1.1667188370211679,8.939598344409127,2.2271083322148195
future,01108000,4,7,0.8984722313367073,-0.022649096388171006,-7.391038972125933,15.181457010563188,3.259357813258131
future,01108000,4,8,10.914483400244954,9.953639041931606,-15.177914459589658,17.70596013875185,2.739474535877627
future,01108000,4,9,0.3948492470336923,1.537292898695237,-24.960291488063056,6.388380897403656,2.673231521125029
future,01108000,5,0,-0.12416350789205015,-1.2675363532515687,-1.554657205926168,-1.6009426670065983,1.1544452319815333
future,01108000,5,1,1.167880329143633,0.728023262364226,-22.73702134183701,-0.0613848586725457,1.6581129684399434
future,01108000,5,2,0.9578825534010502,8.732155851335976,-18.621854751925614,10.433277213905615,2.6326375297482025
future,01108000,5,3,-6.869354785318508,-3.959584720106535,-27.472250501329043,-6.440880341339307,1.0300206138027328
future,01108000,5,4,2.4359974284564374,2.067862500239554,8.675068513516571,8.477905225727282,2.5327747588099014
future,01108000,5,5,-1.2269422035712443,-0.21104311865281183,-17.777566128102134,6.972611435006093,2.389765868706061
future,01108000,5,6,-0.252798760455612,2.6073755911268965,-14.601465919207776,-0.9522493166070731,1.96490655690958
future,01108000,5,7,3.737855873926995,6.247549977554162,6.6441414627715645,13.093094174362033,2.9797748705909903
future,01108000,5,8,7.867947637612133,5.708849931152551,-12.436793050560333,12.790525476458587,2.2066483828953323
future,01108000,5,9,8.779602804538877,8.941572881017326,5.966410809310288,20.54987360061977,3.896311596002263
future,01108000,6,0,7.021916775604947,8.704976935670174,-15.008510833527403,13.854452260641153,2.402984105070828
future,01108000,6,1,-3.6681663465788015,-1.301800370864438,-22.524874805667853,12.439754855472628,0.9267436146959643
future,01108000,6,2,6.903444579113,5.933947104487249,-13.977802724047484,14.056551889950947,2.64200511100676
future,01108000,6,3,-2.8176637399000986,0.6213982855214741,-13.347867471425845,-5.4826493403015135,1.0830219990373717
future,01108000,6,4,0.7219835033273835,1.4052312443703903,-19.231870414646885,14.544378581388367,0.8702704810474187
future,01108000,6,5,-2.952977572167862,-3.8660846042476953,-9.74625462346458,12.717351472742974,0.748483327282699
future,01108000,6,6,8.159946757201105,3.714103360022484,-16.260773565368485,14.85798145445528,2.811899182036017
future,01108000,6,7,1.1355327735328433,2.8938576231341337,-7.609573714968673,-0.023055618631032518,1.5416083701234995
future,01108000,6,8,-0.3742908364659769,1.1053339783486222,-21.836109977043108,6.596868733387031,2.1285378905055814
future,01108000,6,9,2.835841091616756,5.814778012721821,-17.994707080397905,11.001827607854704,2.690602516116075
future,01108000,7,0,-1.5659817541202485,1.87145418232987,-9.022296583529,13.612861899167386,0.8011443599732083
future,01108000,7,1,9.823842297245577,8.437194926834707,-13.034961493632412,16.165821584356557,2.068166292079385
future,01108000,7,2,-1.5114496989702828,-1.7946795530346054,-18.025544696249487,-2.3233907671829725,1.3991387566508204
future,01108000,7,3,-3.6629396320276864,-2.8286979150635676,0.808688890269774,11.996064864689071,0.7288268742806526
future,01108000,7,4,-1.6394461308664774,0.8078177711779183,-1.8186062907574883,-2.6062140990044282,1.495616915951108
future,01108000,7,5,0.7161760427150323,0.9967925395037949,-20.00612106348542,14.752866417371738,0.8439325657309583
future,01108000,7,6,-3.407817887327135,-4.032816798428271,3.4294216408050713,12.780072047356358,0.4761913861248732
future,01108000,7,7,-1.113406348599795,0.17288810242966052,-28.27217012607417,14.206384373749579,0.734767391241727
future,01108000,7,8,-1.267594427857694,-0.2023900023404095,-21.428948913511235,14.040291000236364,0.6163107501736111
future,01108000,7,9,-2.548313716699296,-8.590337663182385,-23.091741036039366,13.261510532120191,0.6006437100523893
future,01108000,8,0,-2.004909627201684,0.24339067426359548,-26.990115121291723,13.083221491321037,0.6042201455762352
future,01108000,8,1,5.085186735992258,6.042023946483088,-13.927568189750644,13.332942297652101,2.553963440743354
future,01108000,8,2,0.5025195667866648,0.3325351946631747,-10.604423078151582,14.622779299655095,0.47592569732223905
future,01108000,8,3,1.2239223240528148,4.3785349286814785,-27.333974864148985,-0.26871120253345065,1.4106757977777629
future,01108000,8,4,2.7392630216333735,2.2932500466048644,-19.311722998066703,11.33401435488114,2.311726923616122
future,01108000,8,5,-1.02443605201859,-0.061442933278667004,-24.167456965264993,13.702296792597576,0.6129176526636203
future,01108000,8,6,1.1907036493501701,-5.877963184184197,-17.83337582458682,15.281926079156849,0.8171730837358921
future,01108000,8,7,-2.238834140667152,-1.2034219880912247,-0.34902838280225645,12.99320585182961,0.9880794792438656
future,01108000,8,8,1.2933795529765248,4.883784001955951,-8.17458155794423,-0.21295958065488296,1.317695599850933
future,01108000,8,9,-1.3252625117383319,-0.21487604265696233,-23.26044776682814,-2.162524108220873,1.329428632559085
future,01108000,9,0,1.1643377781700996,0.9229797151208259,-22.65066440253136,-0.09274514597924036,1.4028064661238109
future,01108000,9,1,-0.19536297499946348,-0.9147911956574146,4.669372556147978,14.43926354430482,0.5177000285223129
future,01108000,9,2,4.840228047363321,-3.8657942312170763,-17.079451287891505,1.1308868050429626,1.9037630237200323
future,01108000,9,3,-0.0403037766497118,-0.28781774794808085,-21.047340676673706,14.442748020672235,0.27791791379607084
future,01108000,9,4,0.13827563718005728,-18.288796885807322,-22.65153552162321,14.890503233884441,0.505585177625077
future,01108000,9,5,-1.827201332463765,-0.8251240038027272,-5.034836052483184,13.341072742509391,0.4379132746536082
future,01108000,9,6,-2.1824436981212365,3.1471790550448517,-24.537682579302324,13.264414262426369,0.19209290170016052
future,01108000,9,7,0.6518874537363141,0.3614563485126756,-26.350423334841338,14.753447163432975,0.34765594569822145
future,01108000,9,8,-0.8327317772049049,0.7242484129661969,-23.572714923954212,14.420679670345308,0.3726364627644038
future,01108000,9,9,0.8658343026953005,1.7463034061337226,-24.54151550330649,15.022332589784796,0.45045647516432524
future,01108000,99,0,0.0,-0.7566540431831204,-23.688864136201218,18.981859235285192,0.0
future,01108000,99,1,0.0,3.0219121296364557,-17.591959686931418,,0.0
future,01108000,99,2,0.0,0.5784230769900833,-19.512777284466267,,0.0
future,01108000,99,3,0.0,-0.5188385311073743,-21.384986436675742,,0.0
future,01108000,99,4,0.0,3.073946976723113,-26.11725379125548,,0.0
historical,01104500,1,0,-38.89547848365517,-11.069495882045947,-15.611943880840279,-69.71803666667597,4.488545686336509
historical,01104500,1,1,0.8637795868928808,4.97294234864321,4.462209991934336,15.578453234498719,3.892844008218211
historical,01104500,1,2,55.66633827227337,48.582508393593244,41.55407762573644,-4.6861786893435555,7.3779122799586005
historical,01104500,1,3,-19.739945131157747,-14.1020739082747,-16.445302797306237,8.916605499722305,3.0497952934667407
historical,01104500,1,4,-0.5191050182942666,-8.29800535292164,-5.499722306724085,-46.82020267422811,7.377687749009422
historical,01104500,1,5,-1.73174550457845,4.572868669221256,-0.1756863489334645,15.687297835108804,3.192648815138843
historical,01104500,2,0,22.751731047782776,19.62858873207204,15.49388935248626,-2.216243521653098,4.184194420568918
historical,01104500,2,1,-19.29549634533322,-12.279066392415485,-10.337027537683959,-35.60223159340122,2.9990581315950213
historical,01104500,2,2,-1.4304692318641188,-4.330480116324176,-4.9489407187650905,-24.416355715318343,1.5210951693885277
historical,01104500,2,3,-10.62979160445314,-5.445439550778799,-7.893047620908211,-22.331562980555894,2.644137785794442
historical,01104500,2,4,35.534413034559556,28.626269504812885,28.12042120069549,39.882894373292324,3.8697799700178295
historical,01104500,2,5,10.947115478539473,5.6032642216634265,6.042410321817201,-5.395064036906696,1.8598015209334378
historical,01104500,3,0,-14.73016307153881,-4.622127828215313,-12.994510324887177,-24.345188091842516,2.4852859424799414
historical,01104500,3,1,-9.405987569388431,-2.369463228665761,-6.9029803884356795,-35.65386300651114,1.1399505052177656
historical,01104500,3,2,-18.569726130239545,-5.961474593158419,-14.359533252025484,-29.23621790130865,2.5412330713512317
historical,01104500,3,3,25.40628340343111,13.308903767418624,15.382253864681042,2.10823618720155,4.194822959544326
historical,01104500,3,4,16.571032265446863,7.924166013133912,14.078770000195359,8.892882958563696,2.1452650976060395
historical,01104500,3,5,6.669383130203259,2.831075970740339,4.782603841935313,4.633989098794617,0.8514212358248139
historical,01104500,4,0,-13.421097432662874,-13.79186679653595,-9.112665325180219,-23.376750235132242,2.4008722318937012
historical,01104500,4,1,15.206986148826845,10.535738705977241,5.448230437973925,1.279342690247802,1.8062527970293
historical,01104500,4,2,0.3566753835376719,0.40119003430000316,-1.1508223349120428,-0.756609518599868,0.9219439928238885
historical,01104500,4,3,7.735222950023582,3.416325015559195,2.191125536896923,-9.73210273813943,1.3475456367657725
historical,01104500,4,4,0.3753743277450483,-5.160769056875489,-1.773050635066381,-20.601212919575005,1.8630172649640597
historical,01104500,4,5,-7.609772570602467,-4.959406545746828,-6.06501650809776,-31.21216603546101,1.120342032479045
historical,01104500,5,0,0.44570468506233435,1.1928251871987574,-1.9660404846096502,-19.031338872314123,1.2375493170844298
historical,01104500,5,1,-10.95604631756389,-4.795441923032916,-9.054893960241023,-37.0158159577348,1.1596132871510192
historical,01104500,5,2,-0.1006114833844541,-1.6990921243954251,-0.4701249480197297,-1.387350024699353,0.31619611882691506
historical,01104500,5,3,7.182766829747507,-0.48617254939172716,1.8506372990910032,-9.987468916493865,1.0937090150574977
historical,01104500,5,4,4.485792988733187,2.628876193453139,2.002322018146347,2.7585129036669453,0.5122625232634047
historical,01104500,5,5,0.43816928963548113,1.6728577847611958,0.20847927347624534,-0.6114833844530853,0.9115934709218522
historical,01104500,99,0,0.0,-2.6819030501606167,-3.999480894981707,2.845030406715991,0.0
historical,01104500,99,1,0.0,-1.2892503397905157,0.7460041472583709,,0.0
historical,01104500,99,2,0.0,-5.181979799558482,-2.3077846216533757,,0.0
historical,01104500,99,3,0.0,-2.3927671367451033,2.1086548202808166,,0.0
historical,01104500,99,4,0.0,0.5290126678369802,-1.7096974957369222,,0.0
future,01104500,1,0,-65.55087460133998,-30.86500386406691,-38.156007997136705,-71.63752088761834,4.488545686336509
future,01104500,1,1,8.136197530188733,12.688159541509656,12.02043966014449,14.424026061364575,3.892844008218211
future,01104500,1,2,63.023387293488994,56.44182128633533,49.770777623519066,12.02693676380407,7.3779122799586005
future,01104500,1,3,-28.194580275705157,-21.722781125115972,-22.67808333162356,-10.90783915451024,3.0497952934667407
future,01104500,1,4,-5.973915838570908,-12.731017628807928,-7.784556042648353,-24.13001502312741,7.377687749009422
future,01104500,1,5,7.939232703456235,14.38527140795656,9.647515028826625,17.6395224514826,3.192648815138843
future,01104500,2,0,18.791789484722685,16.597364227631154,13.59650022682871,-17.736637053552084,4.184194420568918
future,01104500,2,1,-29.208470399423692,-21.050615857036362,-17.334386548031826,-40.80021520231068,2.9990581315950213
future,01104500,2,2,3.88207642873589,1.7484047900751643,0.2881522465160733,-20.78229687432322,1.5210951693885277
future,01104500,2,3,-9.793984821853975,-3.977253298134987,-6.2439445854049955,-26.750513499157652,2.644137785794442
future,01104500,2,4,41.97425323202411,36.77611436726189,35.55386098933791,50.316534330923716,3.8697799700178295
future,01104500,2,5,8.960189852207993,4.28238920158575,5.143996334265728,-10.715205730217454,1.8598015209334378
future,01104500,3,0,-17.904763858778036,-6.684721775783807,-14.342413320658276,-36.99314042634678,2.4852859424799414
future,01104500,3,1,-10.33951356070916,-1.6842316434024729,-7.501419104220377,-37.40006428713094,1.1399505052177656
future,01104500,3,2,-26.92935482620817,-11.539995942159814,-20.66956642661578,-47.73273879135634,2.5412330713512317
future,01104500,3,3,29.529108164237662,18.83134202805381,21.696906694752393,-7.252363463936513,4.194822959544326
future,01104500,3,4,22.626106502346936,15.21245528966824,19.787328140209777,14.657693824559967,2.1452650976060395
future,01104500,3,5,9.628821607770995,6.6850637286080055,8.317888464107495,2.8181472084111276,0.8514212358248139
future,01104500,4,0,-15.805629455360334,-15.680930658806306,-8.776903138443018,-35.33124970079127,2.4008722318937012
future,01104500,4,1,21.233332649427687,17.159534670596845,12.675165334190494,4.237251428792888,1.8062527970293
future,01104500,4,2,0.09426499520126506,0.16698696247866004,-0.7868334484574494,-4.931643630444745,0.9219439928238885
future,01104500,4,3,9.755344152720692,5.019867459085346,5.334578041613382,-12.496779944238892,1.3475456367657725
future,01104500,4,4,-5.965594986515656,-11.61704931187693,-7.070444561468296,-33.62946447908046,1.8630172649640597
future,01104500,4,5,-6.746957189786093,-3.5186945608983757,-4.438547657965105,-35.51020501211652,1.120342032479045
future,01104500,5,0,-3.3824833525966707,-1.7591193118997266,-3.919691239396613,-31.694011494174262,1.2375493170844298
future,01104500,5,1,-12.936987213244059,-6.159938174929383,-9.515635222964637,-44.15705209309323,1.1596132871510192
future,01104500,5,2,-0.4789619224131832,-2.3279008427997243,0.48796668011681577,-5.804763174872392,0.31619611882691506
future,01104500,5,3,9.482921736117286,1.8645547660244808,5.35999653487805,-12.688273525784382,1.0937090150574977
future,01104500,5,4,6.860371543141909,4.926172385257731,4.581255969926388,2.395265549164841,0.5122625232634047
future,01104500,5,5,0.6028628290441073,2.451687765155921,1.209601123429015,-3.682375979409875,0.9115934709218522
future,01104500,99,0,0.0,-2.7506685177712837,-3.7810863613255927,-10.388070861743909,0.0
future,01104500,99,1,0.0,-1.310249238015123,1.6617767412807793,,0.0
future,01104500,99,2,0.0,-5.3376556170310705,-1.35265138821448,,0.0
future,01104500,99,3,0.0,-7.197309059242181,3.5398956359980605,,0.0
future,01104500,99,4,0.0,0.5429071005364142,-1.223507204946003,,0.0
historical,01109060,1,0,-17.702827878291703,10.170384771276474,5.350912570817647,15.170188649262428,4.890083046129112
historical,01109060,1,1,-17.682360786057032,5.932590349388853,7.231119233132753,-1.7284886837597928,4.020761543384245
historical,01109060,1,2,53.429369422465925,56.27600502474657,58.530955596970266,-4.634614630299945,7.24368377031701
historical,01109060,1,3,-1.2289810003027324,3.80894095118171,-8.326938414670328,3.5979840668464282,4.587085924981695
historical,01109060,1,4,0.06366422301989674,10.44746997573116,4.479326225335142,-4.514427037079127,7.407534627640978
historical,01109060,1,5,9.734843037014764,17.124770813825897,13.457540589713751,13.0520708976052,4.954980286891487
historical,01109060,2,0,41.44188904723926,35.6530209327563,29.48045769849308,18.01848374550805,3.7110715637622618
historical,01109060,2,1,27.977710481665614,30.84959050729222,16.786384908059002,-0.5336530289787864,3.214141650591614
historical,01109060,2,2,10.58752120883575,12.11556313670509,2.8846531003873155,1.2847500550650253,3.4262765284872096
historical,01109060,2,3,-12.364034642187955,6.764097401232454,0.5150465814927209,4.488579161382267,2.8849130245668766
historical,01109060,2,4,-8.317987204798651,4.470475590855286,-1.1203092894449116,0.640061793520733,3.0977317691915625
historical,01109060,2,5,3.269102535606199,4.652869063914656,0.1642899025323881,4.938151162802393,4.4501759968312244
historical,01109060,3,0,23.459361004305634,15.967298917104756,12.826782019936052,-4.22829004736095,3.074082612428749
historical,01109060,3,1,7.71564118320914,9.551544385429041,6.75212892960628,3.7206860448626604,3.2142565809674046
historical,01109060,3,2,30.11815597030612,22.980923865434153,15.42389007511976,30.57129839813574,4.290989953850102
historical,01109060,3,3,-6.76248819496338,0.8124480150943568,-2.9637053583551474,4.078231562770612,2.3915144016808156
historical,01109060,3,4,6.280480629682417,4.826110176318722,2.6682651448939394,13.117444902285976,2.927487656472367
historical,01109060,3,5,4.044237080336606,3.042556465539352,4.482444062481456,15.287358980728746,2.4347783201982405
historical,01109060,4,0,1.579234802303979,3.7991851381754995,-8.967151071278785,3.8192499288429134,1.920932849045223
historical,01109060,4,1,-3.7295366793425218,-2.2722495396161437,-3.4880048758949957,4.565519336121955,2.0034869598957132
historical,01109060,4,2,-7.3836921025185065,1.9762058738040347,-12.35382623991857,1.1806545245348672,1.0747025538360575
historical,01109060,4,3,7.609534144842645,12.647355520935271,7.023732775206959,5.412867012176665,3.3802504234228254
historical,01109060,4,4,-6.08802961744138,5.029775344747299,9.24428656342938,8.2636764932177,2.530958904611754
historical,01109060,4,5,3.713696055131404,6.146614783174542,-6.053331107264658,9.068782504709445,2.677861119482357
historical,01109060,5,0,2.4521286278801004,4.301408357211608,7.9247877104917235,4.252226990613301,1.9536353308841286
historical,01109060,5,1,4.897367841420769,7.69738674959443,5.499965301489822,8.872157613708023,2.2197717156946433
historical,01109060,5,2,1.4048873605899355,2.5883077083997557,1.1492750022880915,-2.5617558049601774,0.8214429712049336
historical,01109060,5,3,-6.523269625527645,-1.8508386479046635,-6.356817352071197,-6.142742630589602,0.6825053609106311
historical,01109060,5,4,-0.845034442042927,-0.0808626150205316,-10.01414090008941,-3.762123106291092,0.36481037066952754
historical,01109060,5,5,-0.6530360190650732,1.9522689305516865,1.5014397367338577,-3.674622515410665,0.39631370827371454
historical,01109060,99,0,0.0,-0.2540031520327789,-9.581214126014928,7.827682169692814,0.0
historical,01109060,99,1,0.0,6.171104891081881,0.9271542494611691,,0.0
historical,01109060,99,2,0.0,0.8996468797993327,-9.826115205088309,,0.0
historical,01109060,99,3,0.0,6.160091885677963,-9.0800469485929,,0.0
historical,01109060,99,4,0.0,10.501830975008023,-11.003299878605498,,0.0
future,01109060,1,0,-18.198937847774232,12.337700693217954,-2.153446311931001,40.34344844228218,4.890083046129112
future,01109060,1,1,-15.302724022103027,10.831869941640699,6.725779012877567,37.01131045711289,4.020761543384245
future,01109060,1,2,58.945837290999535,52.36562760957521,67.94160206327732,38.662962487063226,7.24368377031701
future,01109060,1,3,4.925254347414086,9.002483356806389,-0.8979108281467258,39.25643745375724,4.587085924981695
future,01109060,1,4,-2.9517261303388613,6.394384831003803,0.20116561842750932,35.86467203089653,7.407534627640978
future,01109060,1,5,13.459368380269643,15.655057792424293,18.298092957775655,44.34632511622451,4.954980286891487
future,01109060,2,0,41.750264054369026,37.5496930306723,33.30214790347969,44.90704698334155,3.7110715637622618
future,01109060,2,1,30.6697504969653,30.571015298496917,23.148575058206738,36.79127681380087,3.214141650591614
future,01109060,2,2,9.077927462242254,10.452829797818195,6.822106718556537,41.490646750542595,3.4262765284872096
future,01109060,2,3,-12.13796277400277,11.515149988200488,-0.8574873445662464,33.841258323696366,2.8849130245668766
future,01109060,2,4,-8.575741262830748,4.311763597645247,-5.989030231110912,39.726178488715995,3.0977317691915625
future,01109060,2,5,8.414355263633057,6.25525414305714,8.898289308408506,39.79644368524439,4.4501759968312244
future,01109060,3,0,26.063013044411804,19.23995452638038,18.10874085047762,35.75717467843875,3.074082612428749
future,01109060,3,1,6.530296197197176,4.516316502439268,1.1222275690957433,38.687317355979445,3.2142565809674046
future,01109060,3,2,29.52904682041588,19.613227885149158,20.307537607976748,44.93896025985246,4.290989953850102
future,01109060,3,3,-5.9809119414721685,1.9385915775264482,-2.511126955772957,34.56434598358818,2.3915144016808156
future,01109060,3,4,8.137157663623427,2.259040065439015,3.1640334014429823,36.57180305253289,2.927487656472367
future,01109060,3,5,4.033558209956327,2.543936043554341,3.1885562349724172,39.62595960283088,2.4347783201982405
future,01109060,4,0,2.0820613513145054,0.38967790265946656,-1.5183721093640001,38.643086674499415,1.920932849045223
future,01109060,4,1,-2.9839193478717907,-4.928333698656363,-2.842969043281957,35.17097817831739,2.0034869598957132
future,01109060,4,2,-6.731573792033496,6.763375092135589,-3.5964303040635373,37.20139041106819,1.0747025538360575
future,01109060,4,3,5.939536658416807,12.930671766072322,5.87599004641702,39.136622696330335,3.3802504234228254
future,01109060,4,4,-4.709251854819228,10.038041185483044,12.680292515972734,35.29639175618481,2.530958904611754
future,01109060,4,5,4.007103783374918,7.0971487726965705,1.0305748784845998,36.84810484127204,2.677861119482357
future,01109060,5,0,3.1648452304068555,8.40394145761371,9.446609788249813,38.984614721370505,1.9536353308841286
future,01109060,5,1,5.420358038968347,8.956824976114033,2.396099189822688,36.97239865505135,2.2197717156946433
future,01109060,5,2,0.29799721794612377,-0.0003359292264317818,-1.5701332043365113,32.26099125436253,0.8214429712049336
future,01109060,5,3,-6.158898443275968,-2.0115162137640836,-4.789454957629531,31.479395920867393,0.6825053609106311
future,01109060,5,4,-1.1157889255891562,-4.377353779105819,-3.756696539173126,32.20780246017769,0.36481037066952754
future,01109060,5,5,-0.2654400770845598,2.3292492737630046,-0.7200363027517339,32.687061489885316,0.39631370827371454
future,01109060,99,0,0.0,2.997272534622406,-2.0542632078273733,34.947585242741056,0.0
future,01109060,99,1,0.0,11.159820848943543,-0.9664123962363604,,0.0
future,01109060,99,2,0.0,3.1044339578537605,-0.4420548678804341,,0.0
future,01109060,99,3,0.0,10.438300858775074,-2.5008531202646234,,0.0
future,01109060,99,4,0.0,16.66057794943761,-5.457114295160294,,0.0
historical,01177000,1,0,14.096341004176876,12.860725995073436,23.886253631875515,16.690562478623328,5.811805837668658
historical,01177000,1,1,-0.45240817962280283,31.016303277584118,36.359521991632434,13.90770804039371,5.259368820299789
historical,01177000,1,2,-2.2005451699942276,4.7453627729736665,27.42018510905127,0.7396761455306807,4.318905895357675
historical,01177000,1,3,-16.732538495289358,16.855011729100955,20.870371841866156,10.948657976652354,6.38511226142847
historical,01177000,1,4,-22.28442810700257,5.255466382911097,21.122918905099652,-15.316582081250363,4.8678838076669315
historical,01177000,2,0,-20.473758943655398,6.033663728921302,22.61971801790286,11.513520423145888,2.7318218050751177
historical,01177000,2,1,-8.17996828478741,13.821683117349743,23.247630859800104,23.014603508020357,3.5289887480853337
historical,01177000,2,2,10.96835042891543,11.423349720678113,22.471333662692476,26.28804184473365,1.5679193758728116
historical,01177000,2,3,-0.7329392539669921,22.70919775713333,24.40620346794449,21.20427982629184,1.6049360593844708
historical,01177000,2,4,-9.411264773657715,3.5114751719634816,22.986792237718994,15.377732327751502,3.874121494366228
historical,01177000,3,0,0.9212267361315051,14.227105796836078,16.704727224987995,18.088035626064517,2.204832824724747
historical,01177000,3,1,5.985641783928888,15.691256896676814,26.20218966249901,23.493095549851272,1.469796076633414
historical,01177000,3,2,-0.02642934382675994,23.489640733664768,25.54007414035536,23.31171770005977,1.5172188521304597
historical,01177000,3,3,-5.526496712742394,14.082521739430852,24.32708817727353,15.557382769449754,3.448619333088186
historical,01177000,3,4,-5.3183440375054785,17.004778010785934,21.136910910655,18.35923869670514,1.3909864075195177
historical,01177000,4,0,2.941430501190187,-1.1005316962111018,23.31240866329707,16.21034302869916,0.5204826873935556
historical,01177000,4,1,4.25667902339256,4.420610051442217,22.163509540474898,24.101143198676116,1.5231049250521216
historical,01177000,4,2,-9.43216641158607,14.963154385370927,16.52093100386594,16.45736238603425,2.4464710846634015
historical,01177000,4,3,-4.01501463114655,9.581241730033756,24.140355362392945,20.297390577334333,1.4842812897557591
historical,01177000,4,4,-0.5503522185102095,13.65706112606279,21.017892493029912,11.135218050723616,0.8210442809575998
historical,01177000,99,0,0.0,12.944850769214824,19.86242921945338,6.623228111148349,0.0
historical,01177000,99,1,0.0,21.07627888658184,21.64753274302041,,0.0
historical,01177000,99,2,0.0,17.584323426072118,19.59744481794846,,0.0
historical,01177000,99,3,0.0,9.22729581172634,18.737022846699443,,0.0
historical,01177000,99,4,0.0,4.853153037992616,25.016669488099886,,0.0
future,01177000,1,0,44.32065305107461,34.67062310282948,42.22009150653422,51.553184138070385,5.811805837668658
future,01177000,1,1,6.497872538834083,48.406526206806674,49.69854490981453,42.865204203992384,5.259368820299789
future,01177000,1,2,-14.641762797943192,-6.45292028267318,33.45930326394028,25.06602362623634,4.318905895357675
future,01177000,1,3,-19.118935779246165,40.544783087430936,35.87213952415168,33.928552214556156,6.38511226142847
future,01177000,1,4,-18.05921025102726,8.114599560280855,40.54633728777693,18.53838217308292,4.8678838076669315
future,01177000,2,0,-16.70095870250573,27.77248419796686,41.81277146201236,27.28494350481742,2.7318218050751177
future,01177000,2,1,-10.090227307778301,31.6789069906736,37.1997852812445,39.03589365922125,3.5289887480853337
future,01177000,2,2,9.02273077782945,15.489399755870991,37.10569638337579,35.152783871704344,1.5679193758728116
future,01177000,2,3,-15.955181644176594,39.60114436967014,32.968056400735016,26.076253851129128,1.6049360593844708
future,01177000,2,4,-14.066947777672837,9.322571890732538,34.35619641744865,31.011437719007752,3.874121494366228
future,01177000,3,0,14.776380458680386,36.12810436574877,37.98334136336845,35.615457359317965,2.204832824724747
future,01177000,3,1,5.907874176722141,32.45887645661449,43.079922959484385,32.48434143151416,1.469796076633414
future,01177000,3,2,-10.735220451363693,36.97072006102029,37.75834097481837,29.500276767215457,1.5172188521304597
future,01177000,3,3,-7.405764648637147,25.039960881972828,34.29115911066265,30.647993945791885,3.448619333088186
future,01177000,3,4,-15.135281184731058,30.72474753210918,32.199205444961585,24.788658641413697,1.3909864075195177
future,01177000,4,0,1.2761180379296586,-9.398488599940464,37.827084451660184,16.07796347150971,0.5204826873935556
future,01177000,4,1,5.083908885602486,-10.098117863381008,35.61880486775548,34.57533866623309,1.5231049250521216
future,01177000,4,2,7.541338740356483,40.96513450408456,35.77255114813561,34.76782040139017,2.4464710846634015
future,01177000,4,3,-11.210207987872455,-7.245442905254753,33.03751720081344,28.261698645335066,1.4842812897557591
future,01177000,4,4,-0.9069356788209144,31.20391945416484,40.03536403556488,12.699371027075365,0.8210442809575998
future,01177000,99,0,0.0,28.823123631855367,36.35465895464485,19.70283689384692,0.0
future,01177000,99,1,0.0,37.78822944301046,34.800219500910394,,0.0
future,01177000,99,2,0.0,38.138283182476265,35.12492781934932,,0.0
future,01177000,99,3,0.0,1.5313655562901434,33.91874879698915,,0.0
future,01177000,99,4,0.0,12.592131203202129,39.88197641680305,,0.0
historical,01109000,1,0,5.064909224103118,9.920693203474462,10.151692158297385,5.043843987896246,6.416867272929216
historical,01109000,1,1,0.5026910951542318,-0.7434815670200156,-5.59993927462825,0.06005164351511915,3.1676325701947867
historical,01109000,1,2,20.53784174303376,23.193768283300027,17.579366309186465,8.27549376419601,3.6095298956095263
historical,01109000,1,3,-11.43213513012163,6.227315008823592,3.2289997785679843,3.403989459297159,3.218161314724344
historical,01109000,2,0,11.46851645491388,9.355480127936497,3.818511985849906,-2.730530713698289,3.0109055076735145
historical,01109000,2,1,-5.915378835141843,-1.5966460910063145,-9.302435258085076,23.8013364073307,1.7517307454168851
historical,01109000,2,2,1.4014445631703292,0.3145861714135289,-2.5843316862923715,1.412897943197524,2.5472035881854773
historical,01109000,2,3,0.9876406800702653,2.5457046007104673,-2.283938723069399,25.26871650728502,1.9914857081765522
historical,01109000,3,0,0.9457347837354788,12.8244169892702,-4.181965912046131,23.78561608180318,1.0779619207502962
historical,01109000,3,1,-0.7130290507124261,5.618534173966508,-4.369262361902559,24.63496281244708,1.5887333931633116
historical,01109000,3,2,-4.210487074074622,5.942417795049174,-9.701551865620862,2.6610917900824482,0.6491360437199742
historical,01109000,3,3,5.760196764577341,5.972061837472493,-2.6284833434168013,27.462824798768597,1.9790053504144713
historical,01109000,99,0,0.0,2.320948860882755,12.825450039233441,10.67306798322147,0.0
historical,01109000,99,1,0.0,-3.4629182224174535,-0.11642023933522042,,0.0
historical,01109000,99,2,0.0,6.422965688817501,-9.348158947762258,,0.0
historical,01109000,99,3,0.0,-1.1934871140491647,-3.7311518911327073,,0.0
historical,01109000,99,4,0.0,-2.819552671399836,-9.843618693173832,,0.0
future,01109000,1,0,-11.20932149815074,-2.428342618532958,2.3773793052444105,45.931717219507995,6.416867272929216
future,01109000,1,1,9.893780603173335,6.718718777563152,6.077102515193587,55.29450750594789,3.1676325701947867
future,01109000,1,2,26.711342134262967,25.899200255243237,25.64296145680172,57.53499698131258,3.6095298956095263
future,01109000,1,3,-14.251286112544534,6.299018114731932,-4.389956102809354,57.35650686546941,3.218161314724344
future,01109000,2,0,6.2564222663693565,8.86875429780732,3.046918722522777,45.419713699957875,3.0109055076735145
future,01109000,2,1,-2.1855202086129846,-4.3859975570795005,-1.5033466304123906,62.58226130621105,1.7517307454168851
future,01109000,2,2,-0.3799018707328567,-0.9340271613126305,2.8603455881533777,40.97666093586184,2.5472035881854773
future,01109000,2,3,1.9364636817651621,-0.47457511411633624,-3.6045047776328407,62.81692958600485,1.9914857081765522
future,01109000,3,0,-2.901400685183965,12.08032007805209,1.5402535507799675,57.23822457090668,1.0779619207502962
future,01109000,3,1,3.5216597637056353,7.446854153190033,-0.44551417360853984,62.5706464115546,1.5887333931633116
future,01109000,3,2,-5.365820588751894,-0.5064568147549918,-4.587124865569441,45.71956761302774,0.6491360437199742
future,01109000,3,3,5.528689856475459,7.7565214670512725,5.796733180506605,56.62239811544778,1.9790053504144713
future,01109000,99,0,0.0,-1.7758699852396007,7.173287828230405,50.28019155568714,0.0
future,01109000,99,1,0.0,-3.9965667319550153,-1.2227165531923039,,0.0
future,01109000,99,2,0.0,5.0493976728966,-2.6090134901075457,,0.0
future,01109000,99,3,0.0,-1.4437314057981048,0.07412199100154054,,0.0
future,01109000,99,4,0.0,-2.0589415607242056,-0.34396680889776365,,0.0
historical,01106500,1,0,77.88739398452257,45.588112508342874,38.26429472762209,60.86899214995791,5.017102096273533
historical,01106500,1,1,-4.1447319018169715,0.537566933305886,0.11925510457532977,6.775695904209428,1.4820274067270767
historical,01106500,1,2,-19.90116162138631,-4.397105319953938,-10.41709879794425,,8.660265480708725
historical,01106500,1,3,-1.0466722784656597,11.25477269851039,1.7710774601550878,-8.48801226263849,5.2665573516965924
historical,01106500,2,0,-6.65103204764323,0.8231805457168201,-7.4056842307573145,-11.769496844282035,0.6676645144570786
historical,01106500,2,1,38.27012357685496,20.518284469897665,12.190539305085641,1.62425347407291,4.192032195553788
historical,01106500,2,2,4.7834897582917995,2.6459299666390255,-5.548276787369353,10.678924404026423,1.263869180514982
historical,01106500,2,3,24.754440034006873,12.701850160765964,8.611363315323416,-2.9259247784380897,5.519467156213105
historical,01106500,3,0,0.49834035333328874,0.5870858957077073,-2.7232278591686976,-8.579908534327982,0.40578793161920224
historical,01106500,3,1,3.2946126204563178,1.474908904538678,5.0987202262643745,-7.8247837418166375,0.9492231551924655
historical,01106500,3,2,-6.010908875131871,-2.396759789972384,-7.735985687286963,-11.616686472501225,0.3392445337627646
historical,01106500,3,3,15.354134098190384,4.765635625506411,5.88272670416385,-5.724297531771167,4.596542386268069
historical,01106500,99,0,0.0,0.6466871919177495,-5.093206449963005,8.88878503151517,0.0
historical,01106500,99,1,0.0,0.4723468364839741,-7.29656397214545,,0.0
historical,01106500,99,2,0.0,2.8679513590408354,-5.7402612269675135,,0.0
historical,01106500,99,3,0.0,-0.9728927003378138,-2.464237909470094,,0.0
historical,01106500,99,4,0.0,1.0986593121642851,-8.839213556958097,,0.0
future,01106500,1,0,88.36396916756493,62.02241249567816,60.28827106510198,77.46262889218815,5.017102096273533
future,01106500,1,1,-4.701214179666047,0.8831174113770867,-4.413349874921186,20.8753482885558,1.4820274067270767
future,01106500,1,2,-34.09034147531981,-19.79531818828936,-25.373182289654046,,8.660265480708725
future,01106500,1,3,-1.9747808578575918,9.438345298867175,0.394720250564382,14.316337529744352,5.2665573516965924
future,01106500,2,0,-8.687465679594867,-0.6599280034167879,-9.496430677866133,6.542740344526024,0.6676645144570786
future,01106500,2,1,47.95000915210803,29.773597185218325,28.310236124387313,26.410949988814092,4.192032195553788
future,01106500,2,2,5.928410177144136,4.3158494173157935,-0.9669100449470188,23.62586182350668,1.263869180514982
future,01106500,2,3,23.773312452968334,14.16026358071142,12.638329028452885,20.61054729606052,5.519467156213105
future,01106500,3,0,0.06500030507026955,0.5915109113465816,0.4585002745632418,8.325164229494192,0.40578793161920224
future,01106500,3,1,4.793630132807255,4.777522422664687,3.0749862718379504,9.093534544123328,0.9492231551924655
future,01106500,3,2,-7.5591531249364445,-4.899225121519654,-8.623360247310297,6.744493481665276,0.3392445337627646
future,01106500,3,3,16.707885049523075,4.665826028595255,10.404563851207064,15.862840407573877,4.596542386268069
future,01106500,99,0,0.0,0.13174967967622095,-7.0002643942321345,22.432020175313713,0.0
future,01106500,99,1,0.0,-0.8884052960198473,-4.064227460391708,,0.0
future,01106500,99,2,0.0,1.5004982814374925,-4.315971445422931,,0.0
future,01106500,99,3,0.0,0.030507026785169228,-4.237670076674325,,0.0
future,01106500,99,4,0.0,-0.0026032662856675117,-2.1792186133539433,,0.0
historical,01183500,1,0,7.381293475844984,12.956617864423215,15.03172182501172,-0.5320346787142856,6.457036110598515
historical,01183500,1,1,20.15283985338055,13.280034505599458,14.237154109606626,23.071731889144896,7.0318563282667
historical,01183500,1,2,29.748609396467433,7.449732515585838,14.566365696270037,22.47903366716621,6.471898458435139
historical,01183500,1,3,-6.8101612535274,2.204426604814792,5.135715422697263,-1.35506364537281,4.370942801186897
historical,01183500,2,0,-1.0170496098681334,2.6000966802297745,5.413212622418225,15.228749971575429,1.1364330361376693
historical,01183500,2,1,-4.702488232226205,2.6498305161829365,2.071142858609933,-2.709173692121149,3.318258939788865
historical,01183500,2,2,-4.255470538570498,0.670673247964251,2.367858738300997,5.245305910771043,2.29175860388053
historical,01183500,2,3,21.036092240861404,7.863594318606102,12.616843339150288,21.604657082266957,4.895553103222333
historical,01183500,3,0,-0.6961269958635864,1.2550091435437343,2.530117211941697,3.9652831417700414,0.8491254131699841
historical,01183500,3,1,-2.9184519133222895,0.7160792132371242,0.3898017761874685,14.87591848052128,1.6938680016737584
historical,01183500,3,2,19.90952549665984,10.799724483351271,-5.497276008852327,20.51975526258072,4.9367105252936305
historical,01183500,3,3,-0.2363457513880352,2.6838666517025036,8.388000208324623,5.77565345345742,0.4917909827620992
historical,01183500,99,0,0.0,2.7639689361580384,7.393470196742063,3.7166139620042298,0.0
historical,01183500,99,1,0.0,6.123056767726116,3.4504865920365697,,0.0
historical,01183500,99,2,0.0,-2.809301547690566,1.0491785481387597,,0.0
historical,01183500,99,3,0.0,-1.7106092248196803,5.138796279791704,,0.0
historical,01183500,99,4,0.0,1.6519995862849062,3.12215525025729,,0.0
future,01183500,1,0,27.137178290846958,26.372412182287587,26.28646811849396,26.8817838268692,6.457036110598515
future,01183500,1,1,16.771904681457055,19.574384133682706,22.51513375186656,26.31146899720965,7.0318563282667
future,01183500,1,2,30.293411673199405,27.10469415591705,28.231717894846646,38.05394520669093,6.471898458435139
future,01183500,1,3,-22.862311487138438,-5.908200855132096,0.004365232791629634,20.115106086495103,4.370942801186897
future,01183500,2,0,-4.263301771377449,-1.388257410407848,7.8397880197603325,20.96207463074099,1.1364330361376693
future,01183500,2,1,-13.997827588044476,0.3290931994208397,0.38431055966819755,19.24942940171367,3.318258939788865
future,01183500,2,2,-13.499340679774457,-6.25554866440884,1.2133646420679183,17.133141867798077,2.29175860388053
future,01183500,2,3,29.679444515623565,15.806224481812855,19.798598363434543,41.874374269390415,4.895553103222333
future,01183500,3,0,-3.266554720177236,0.850766863687956,5.251204974324498,13.773613358292641,0.8491254131699841
future,01183500,3,1,-8.203746390179246,-1.7319202829124378,3.08480230030761,18.432507264994577,1.6938680016737584
future,01183500,3,2,27.770760650317644,17.099013684154436,0.5753603584706517,39.35331060388744,4.9367105252936305
future,01183500,3,3,-0.6133435528913154,-4.868991994049676,3.480451126967051,15.13023700379492,0.4917909827620992
future,01183500,99,0,0.0,2.2725855443898806,7.409840935452381,16.777120284273032,0.0
future,01183500,99,1,0.0,5.7494084259197304,10.301609240234068,,0.0
future,01183500,99,2,0.0,-3.9686769036099903,4.0802454508038295,,0.0
future,01183500,99,3,0.0,2.2309174131970635,6.87960687960688,,0.0
future,01183500,99,4,0.0,4.405993861462252,6.03524613676898,,0.0
historical,01096000,1,0,30.18658365592708,32.293285985714434,35.773869397791124,,8.396980571171133
historical,01096000,1,1,-2.038373416242468,4.787024618729741,1.5593089889352885,0.6557289602828712,2.1860717665002816
historical,01096000,1,2,-3.1210310807652837,11.706216153056769,12.866982148118794,11.093034006970058,3.354893730717489
historical,01096000,1,3,-13.98405828024507,-6.932717611078935,-5.161754097194701,-2.919473486349457,2.369220151167238
historical,01096000,2,0,-6.3879913839526115,-5.386236169110248,-0.822868087095236,-1.361752065108058,1.5534530868454288
historical,01096000,2,1,1.7112074658863428,-1.0308394549943625,4.392101279198546,11.950955588746307,2.32829259369585
historical,01096000,2,2,16.458060271689984,17.44825799372085,20.968530598144707,1.0424604505136101,4.2916772039403215
historical,01096000,2,3,9.919884983895717,7.018954288210853,9.856191768016986,13.634412371343515,1.8079110161326921
historical,01096000,3,0,0.10535099216630522,0.25578890683898936,3.7248148261041876,8.278593999248129,1.5274473524743462
historical,01096000,3,1,-6.137028682903041,-1.686631917984982,0.07207557330244346,-0.6943386065981825,1.416319597777686
historical,01096000,3,2,8.216869367309824,6.218058137999005,9.971068166346615,12.312285995874864,1.4171577375640976
historical,01096000,3,3,0.4490276465388487,-0.06267717255463717,1.9214649312646703,-5.039828898304223,0.41262685093480195
historical,01096000,99,0,0.0,0.9232658680566133,4.803344814622895,0.4906219201186754,0.0
historical,01096000,99,1,0.0,0.7031654829761966,3.3380198331656867,,0.0
historical,01096000,99,2,0.0,-0.8572230519909334,2.1509002143851426,,0.0
historical,01096000,99,3,0.0,4.820681053840136,1.9400712246370193,,0.0
historical,01096000,99,4,0.0,1.2467486613629195,3.769711240487296,,0.0
future,01096000,1,0,26.719862301355274,12.603250954814998,35.94675055850152,,8.396980571171133
future,01096000,1,1,-3.2202059777318763,4.191141088912389,3.326839962610109,15.459997780469086,2.1860717665002816
future,01096000,1,2,-1.19201091693384,23.13439873741151,14.860022607632988,27.769621464706162,3.354893730717489
future,01096000,1,3,-14.408264725995403,-6.513840705231824,-5.294809412039247,9.459807409636358,2.369220151167238
future,01096000,2,0,-6.5906470020322345,-4.188728555317865,1.0416442776238357,16.293857119233106,1.5534530868454288
future,01096000,2,1,0.11216088002206977,-3.1601996875988343,3.2196796067657907,19.610871490476413,2.32829259369585
future,01096000,2,2,14.849363595569884,6.874843459467899,20.655366944166513,18.881847702456525,4.2916772039403215
future,01096000,2,3,8.803115765205208,5.775122918586635,9.751066010866923,25.500962600904213,1.8079110161326921
future,01096000,3,0,-0.6901162007771928,-0.5197474647561798,3.1856409509593293,19.76088721580902,1.5274473524743462
future,01096000,3,1,-5.8421036240202415,-1.8909876956400284,1.2305237259519712,17.08736135059771,1.416319597777686
future,01096000,3,2,7.629352375095455,0.6057652534629696,11.106778298251434,25.40402261465127,1.4171577375640976
future,01096000,3,3,0.07908723765341714,-0.20695151816353066,2.9714079677650376,12.44915585449527,0.41262685093480195
future,01096000,99,0,0.0,1.6582878643857812,4.930823888995378,11.998231393553969,0.0
future,01096000,99,1,0.0,0.17221103440228644,3.756490263672373,,0.0
future,01096000,99,2,0.0,-2.1081595833949294,2.266948158162188,,0.0
future,01096000,99,3,0.0,5.513604276939554,2.3808636080711927,,0.0
future,01096000,99,4,0.0,1.4938846659803324,3.6223095315693112,,0.0
historical,01105500,1,0,-18.743486561288275,6.458469302638877,9.218177947320104,-22.35038722894846,5.922309504511828
historical,01105500,1,1,-22.835025460434245,-4.519078747604906,1.9463009950335532,-21.30335086537556,4.5775029044213245
historical,01105500,1,2,24.53066595002844,22.10963866775093,21.594077962327628,10.451865993305946,5.599653047890565
historical,01105500,1,3,-12.37254949864409,-3.481535513728394,0.9108518338841844,-21.027631289634694,4.852228009258222
historical,01105500,2,0,16.233880002652487,10.899788149642433,12.82745189740439,-4.887914757279523,3.3314270113631714
historical,01105500,2,1,17.834798602555463,9.235907763076607,14.617535066992874,1.7726325635289277,4.1358554929667095
historical,01105500,2,2,3.7657011828020726,3.114723774356679,5.4467529657304965,-5.27252611483197,1.3262624394638798
historical,01105500,2,3,-21.66911556838369,-5.036593920906879,0.06205435514774976,-22.871811338007767,4.174263532716372
historical,01105500,3,0,1.316683128405047,0.6839939551100589,4.609961503963031,-12.601082635599933,0.5122913373464038
historical,01105500,3,1,2.041232291997495,2.6046774604481953,5.59222121784289,-11.794864635648802,0.8275644533811642
historical,01105500,3,2,11.934678891397894,9.949637550912136,8.864698470977892,3.02000188466545,2.5639923952145467
historical,01105500,3,3,-19.28368752246766,-5.352031076039275,1.9272449332165276,-28.152364731627134,3.998561282890334
historical,01105500,99,0,0.0,-0.2966603030123266,0.40918181088428934,7.508995787423693,0.0
historical,01105500,99,1,0.0,1.087591572055292,-0.8222725575259247,,0.0
historical,01105500,99,2,0.0,-0.42572498542874737,1.2023467575028832,,0.0
historical,01105500,99,3,0.0,0.01724119878683088,0.23027819756179777,,0.0
historical,01105500,99,4,0.0,-1.3764340035529457,3.498078688272837,,0.0
future,01105500,1,0,-20.014315815329823,2.9793591273877302,7.877344550587026,10.466185123066117,5.922309504511828
future,01105500,1,1,-20.19024106604849,-4.564845270215813,-0.7546986962245379,10.46378636044383,4.5775029044213245
future,01105500,1,2,21.516708820921817,25.669110845861276,19.427818354180175,26.77921021220414,5.599653047890565
future,01105500,1,3,-6.904934158763543,-0.9805661847392644,4.960449201883699,14.640991590897748,4.852228009258222
future,01105500,2,0,15.671116211413505,12.05929933103308,16.174232683812384,14.36273512671224,3.3314270113631714
future,01105500,2,1,15.214631684391925,11.27571953283618,16.572955006889245,20.288158556290327,4.1358554929667095
future,01105500,2,2,3.1573952892140094,4.017735491324151,-5.1890033045353885,12.82752704844733,1.3262624394638798
future,01105500,2,3,-20.146151809050817,-5.970424216372225,1.756565893049726,7.8136334153390345,4.174263532716372
future,01105500,3,0,1.5298348499909826,1.446118034473095,5.102072147103641,3.1945761098594874,0.5122913373464038
future,01105500,3,1,1.2475964398524684,3.5594279047096347,7.581769020268586,3.3548134530283864,0.8275644533811642
future,01105500,3,2,11.168254967357639,15.716164973460089,-0.47941669769066064,19.784418405609653,2.5639923952145467
future,01105500,3,3,-16.993554045081382,-6.1631408054469174,3.551559963308528,1.8944467685788957,3.998561282890334
future,01105500,99,0,0.0,0.09292806398747429,2.8034338766690583,17.15585432410545,0.0
future,01105500,99,1,0.0,0.4883880698980241,-2.356544400136635,,0.0
future,01105500,99,2,0.0,-0.19679448553258616,1.9687124593649612,,0.0
future,01105500,99,3,0.0,0.20485432794347344,-5.817862913594651,,0.0
future,01105500,99,4,0.0,-1.5626019474114496,5.665205660312186,,0.0
historical,01095375,1,0,29.288558666709925,11.785341163492427,21.346311497572007,3.7297080994559995,4.328575528060274
historical,01095375,1,1,-9.453857218563103,-1.3753393249191546,4.509263164725353,-6.127640245287305,3.1604734096601854
historical,01095375,1,2,0.036252338773348755,5.424353525193865,12.729459351308092,6.838843645566333,4.974081536391553
historical,01095375,1,3,23.3122438164455,19.26781523420179,27.33049976747456,11.881293057763646,7.445183642471934
historical,01095375,2,0,-5.547386522176437,-1.1775953624693125,4.438748472361918,-2.5448017044655686,0.7107989090392466
historical,01095375,2,1,26.693358424450857,15.0490466456853,22.558169213631402,23.17229594540519,3.3475399544897484
historical,01095375,2,2,4.303689043184843,5.613791462530958,10.615186615186614,8.472794523214693,4.536775976398302
historical,01095375,2,3,6.79489092934471,4.879270627169787,11.838335334133655,16.177930631712144,3.3841438430758735
historical,01095375,3,0,-0.18891881076755107,1.0339270843472528,5.3781079999567405,-1.604750008111349,2.373624723781793
historical,01095375,3,1,9.300887922736663,6.030693358424453,6.890237175951462,18.820284870705038,3.1865702149638975
historical,01095375,3,2,-3.2554427176275933,-0.12260039150795467,8.864432259390245,-1.0890842823615956,0.5264384719883861
historical,01095375,3,3,-1.8404334706855736,1.957712814855674,3.9983128386489777,-0.8866249202383665,0.5443738699235185
historical,01095375,99,0,0.0,-0.6705384856645364,6.592042222294324,-0.3424072331635369,0.0
historical,01095375,99,1,0.0,-0.6234710100256298,7.225030552761644,,0.0
historical,01095375,99,2,0.0,1.2417074938083372,5.968484691173768,,0.0
historical,01095375,99,3,0.0,2.4130733374430853,7.664211630598185,,0.0
historical,01095375,99,4,0.0,1.7145452775704895,8.577917653547903,,0.0
future,01095375,1,0,30.11640839552381,14.02682368334969,11.868331165225063,26.886216156590663,4.328575528060274
future,01095375,1,1,-11.082578299138083,-4.116454039908406,-13.107089333668059,18.70552525275578,3.1604734096601854
future,01095375,1,2,1.989608295106161,-4.66631672638473,-11.11620299579311,29.694867288951777,4.974081536391553
future,01095375,1,3,27.833702292108853,20.09378399555728,20.741416953845924,26.564271097214938,7.445183642471934
future,01095375,2,0,-5.926497325999801,-2.404059307270388,-10.457158941354566,19.116629010049373,0.7107989090392466
future,01095375,2,1,27.906276863622185,16.90543244250709,10.053114848879051,34.859985850240776,3.3475399544897484
future,01095375,2,2,6.204562916980475,6.040882153806362,-9.478969349795744,29.054628720968275,4.536775976398302
future,01095375,2,3,8.632539881781046,-0.985249256376902,-4.190337083780265,31.021597401313034,3.3841438430758735
future,01095375,3,0,-0.9857361298126319,0.1534868506135389,-6.057831435287671,15.838753604004536,2.373624723781793
future,01095375,3,1,11.098736411286335,-2.7376284699241524,-15.523320476831664,30.732516298849006,3.1865702149638975
future,01095375,3,2,-3.393020973594724,-1.077572631626992,1.6199800686187267,19.00586530342105,0.5264384719883861
future,01095375,3,3,-1.9907646195160187,-8.021178994454207,-8.667412191615126,20.29577561220531,0.5443738699235185
future,01095375,99,0,0.0,-0.8363877034027846,-5.210489079580982,14.917649922784914,0.0
future,01095375,99,1,0.0,-0.8564103734471387,-5.6141071578002455,,0.0
future,01095375,99,2,0.0,1.1772599675924893,-5.635894744049112,,0.0
future,01095375,99,3,0.0,2.6167621395044574,-6.524895208100356,,0.0
future,01095375,99,4,0.0,1.8258666727525856,-4.040745220652559,,0.0
historical,01105554,1,0,-16.803503291262913,-2.0588096445189747,0.8200961003614569,-2.0045197137104127,5.741302088375455
historical,01105554,1,1,-32.42761171513078,-16.338908741602502,-12.418847329325388,-13.291488693531797,4.475765275283427
historical,01105554,1,2,-16.19430663856042,-12.82217328032282,-12.755260170895259,-2.425292334343869,4.18033108528383
historical,01105554,1,3,33.79502010472107,33.51679703776075,34.185825504567944,34.01566916188251,5.99123903352913
historical,01105554,2,0,15.840344499886083,12.956102126646401,17.591169111595054,10.161966670703348,2.2924140163355635
historical,01105554,2,1,-16.341063918439893,-9.092998959357466,-8.329450594110412,8.322882436129795,3.9915098175197814
historical,01105554,2,2,-24.0730173912508,-14.653457827294385,-15.927680475534636,-1.0511105318360656,3.6943777846515324
historical,01105554,2,3,-28.905539625491844,-15.3383935517109,-10.732883277675034,-1.4893298221055424,3.989810224229916
historical,01105554,3,0,0.65732893540422,0.02853043622831834,4.966758962969958,5.062407763562737,0.2691125786680972
historical,01105554,3,1,-23.424001280790808,-18.087065039131847,-14.84516593835373,-0.32348178054552373,3.607583222278704
historical,01105554,3,2,9.10254331392306,8.324627103093396,11.57371012666282,0.8700756774952323,2.1601116370559157
historical,01105554,3,3,13.47283143027798,11.860964410846494,13.852860945937906,-2.520735879999751,1.9347825510162935
historical,01105554,99,0,0.0,-1.079640968064384,0.32676585953583515,5.507810976623516,0.0
historical,01105554,99,1,0.0,0.2694997321423064,1.735122609036557,,0.0
historical,01105554,99,2,0.0,2.3208175714646337,2.604890404126445,,0.0
historical,01105554,99,3,0.0,1.9292937793386282,0.5117005576776669,,0.0
historical,01105554,99,4,0.0,-1.3586850547722782,2.9104123776937167,,0.0
future,01105554,1,0,-12.476681163300608,3.223101025377547,11.445080430991435,-0.29162113855260824,5.741302088375455
future,01105554,1,1,-25.070517319980034,-10.755248095055467,-25.583857358911093,-5.357000716389399,4.475765275283427
future,01105554,1,2,-5.577417090590699,-6.119195617723045,-1.9571179437453439,3.175992995303667,4.18033108528383
future,01105554,1,3,23.461752766059067,24.687864074157158,27.47555954353693,28.997127206153706,5.99123903352913
future,01105554,2,0,13.005796241488357,10.716099947175325,19.376885949360677,22.094462092870117,2.2924140163355635
future,01105554,2,1,-7.490610957139657,-0.0514497839977445,2.8953709666915093,17.281627868271187,3.9915098175197814
future,01105554,2,2,-16.135911370329907,-7.279167541047666,-20.69569370373319,13.766254441252448,3.6943777846515324
future,01105554,2,3,-22.355546228824906,-10.113609227674344,-0.4427141751029388,10.401395150260864,3.989810224229916
future,01105554,3,0,0.583459364801396,-0.10948456144667562,5.102356848754998,4.538580101741761,0.2691125786680972
future,01105554,3,1,-15.86361103673848,-9.904119600848093,-26.78514830707779,14.054981077189144,3.607583222278704
future,01105554,3,2,4.351161057361802,4.139645278704419,6.216957443575286,13.319777412748834,2.1601116370559157
future,01105554,3,3,10.949252132886613,11.15512363144298,15.279572771413891,7.949751434587858,1.9347825510162935
future,01105554,99,0,0.0,0.5647898229288025,4.648137025753835,19.433690563197846,0.0
future,01105554,99,1,0.0,0.9059069562134073,-2.6784279956293062,,0.0
future,01105554,99,2,0.0,2.666922347731072,0.9475877938824661,,0.0
future,01105554,99,3,0.0,1.4825642398674292,5.275375742620828,,0.0
future,01105554,99,4,0.0,-1.1516502283038992,1.3199655554188692,,0.0
historical,01108500,1,0,-2.617174367515387,4.6813232037900745,-7.908424497934546,-2.000340055877366,3.8295785389627346
historical,01108500,1,1,-6.104534335982933,-3.2768537875655457,-7.506057245315538,10.79088109250679,1.9381155314374479
historical,01108500,1,2,11.136008825995727,10.844352947086533,1.1419404824929174,9.343228444128432,2.4842409920044197
historical,01108500,2,0,0.8834207302699989,2.801548413523406,-5.362062902608769,14.145551644054239,1.4291919596459466
historical,01108500,2,1,4.562110433146169,4.1595982703521495,5.071566305099678,15.83134001337038,1.5127851119898061
historical,01108500,2,2,-4.605052148341648,-0.846082208508356,-11.415878677337208,11.081184476449197,1.0194348357425214
historical,01108500,99,0,0.0,2.0060398560945347,-6.705621741936234,8.269927081199933,0.0
historical,01108500,99,1,0.0,0.9089249210722591,-0.11312654329336451,,0.0
historical,01108500,99,2,0.0,1.1605372882862324,-3.9658533663599727,,0.0
historical,01108500,99,3,0.0,-0.2234514898698119,-8.857103110351996,,0.0
historical,01108500,99,4,0.0,1.1107847948651588,-3.6905240338355614,,0.0
future,01108500,1,0,-7.5244198770258865,1.8160112975128113,-13.948431697516671,19.836168235476777,3.8295785389627346
future,01108500,1,1,-8.002268714105622,-4.826254682844314,-13.867644972242795,26.273105932011376,1.9381155314374479
future,01108500,1,2,20.794614515461653,20.951099330900195,9.73069605842496,24.752458330764256,2.4842409920044197
future,01108500,2,0,3.2651951472992713,3.6693516336004444,-5.442908114107257,28.49130511976122,1.4291919596459466
future,01108500,2,1,6.929049569248895,9.369737255569085,10.593906860891574,29.98112376377739,1.5127851119898061
future,01108500,2,2,-8.436214144622724,-4.776222628157462,-14.153462834763477,26.742226088429337,1.0194348357425214
future,01108500,99,0,0.0,4.819494598246687,-8.29194948211066,22.849605946497277,0.0
future,01108500,99,1,0.0,2.2383308682548626,9.032624465414738,,0.0
future,01108500,99,2,0.0,2.982237320569895,-7.460496219924126,,0.0
future,01108500,99,3,0.0,-0.543592516957785,-6.537893245635475,,0.0
future,01108500,99,4,0.0,0.06418366035551924,-1.900140921763534,,0.0
historical,01197000,1,0,30.18056510447836,9.594139079944664,5.1436142525907345,23.570885790553383,4.944200926890353
historical,01197000,1,1,-29.20216778331074,9.326552747631018,-2.2093501196437515,6.9719971459932095,6.304130810575648
historical,01197000,1,2,9.582819547163018,11.195852968547472,12.78244321908956,1.0589330134173587,4.413228431785932
historical,01197000,2,0,20.022676178785524,9.508964234915561,9.857179042534534,17.73947074689432,2.6354571905382853
historical,01197000,2,1,-16.61874421845585,-4.771554199685838,0.6439144057755588,-21.144052188613106,2.9935652000113193
historical,01197000,2,2,1.101891568154259,0.44276074126238585,2.6698324245233,2.5165548166931537,2.2155650855737696
historical,01197000,99,0,0.0,-2.6371727889565895,3.699817124597435,-7.190408458845613,0.0
historical,01197000,99,1,0.0,-1.7240947389224006,-0.13203028810066475,,0.0
historical,01197000,99,2,0.0,-0.6804709296769383,-10.520949022205766,,0.0
historical,01197000,99,3,0.0,0.6235949166019508,-4.845966210266815,,0.0
historical,01197000,99,4,0.0,0.8740163836319558,-4.05647519027485,,0.0
future,01197000,1,0,29.149952705882814,-2.7382934820285674,-33.87224909148948,29.608467376850882,4.944200926890353
future,01197000,1,1,-37.97688234829491,18.895713370885755,-27.722904126436216,26.195065875580898,6.304130810575648
future,01197000,1,2,8.593168105291259,12.994034217571212,-4.720403315353524,19.073857809534935,4.413228431785932
future,01197000,2,0,22.039319721940622,-5.023686225563893,-2.749782460116603,1.3201227492863428,2.6354571905382853
future,01197000,2,1,-16.870715704584434,-4.894631056927234,-9.72953248345359,-25.322556323735913,2.9935652000113193
future,01197000,2,2,-2.1503972510008795,0.13956497245582378,-17.94101845874054,-1.5083853220471573,2.2155650855737696
future,01197000,99,0,0.0,-1.6883575526648913,-18.371920415326564,-7.686974958597252,0.0
future,01197000,99,1,0.0,-4.979558105180293,-24.106291325234046,,0.0
future,01197000,99,2,0.0,2.730068418170077,-42.8159615850351,,0.0
future,01197000,99,3,0.0,0.603171349622,-23.985526498740462,,0.0
future,01197000,99,4,0.0,-1.4912824114842838,-8.489440911075965,,0.0
historical,01198125,1,0,-36.67251150883353,4.811815927803075,0.3960152644486994,,8.002903647219288
historical,01198125,1,1,12.380758497907571,3.602836252873608,12.525663210335575,0.307670443087691,4.443149509454664
historical,01198125,1,2,-6.335379988361531,0.026023311509602496,8.73019683610307,-1.904791170127158,3.5851580416851907
historical,01198125,2,0,4.989561867302237,-0.9426008331300764,7.54541596006814,10.075534822263663,3.442644032340018
historical,01198125,2,1,4.545245032044203,4.795299287287755,10.902423144806765,3.1462279642088213,0.8436965012666054
historical,01198125,2,2,-11.637029539819506,1.8151979980295263,-12.38728833252991,-4.442784244661381,3.2932575414785403
historical,01198125,99,0,0.0,1.1415687351518287,-1.7389525761157858,-5.749711438925879,0.0
historical,01198125,99,1,0.0,-0.14999414235423766,-3.6347172101473646,,0.0
historical,01198125,99,2,0.0,-0.04052338545037552,9.396335994561031,,0.0
historical,01198125,99,3,0.0,2.621536546908218,4.390353513723215,,0.0
historical,01198125,99,4,0.0,1.3048146007102177,8.00941832617292,,0.0
future,01198125,1,0,-34.887758129059996,7.329775576798505,6.608890960715347,,8.002903647219288
future,01198125,1,1,9.752601722979316,4.078605633888086,12.955717736516142,16.543567886958996,4.443149509454664
future,01198125,1,2,-3.226272710211349,0.19108058530442698,15.124955351467198,15.317625121837525,3.5851580416851907
future,01198125,2,0,3.5642394008923652,0.45526368364016917,11.578424012737699,20.376530914946816,3.442644032340018
future,01198125,2,1,4.010119325095805,1.3838018150006937,12.96040961623451,11.720769589354584,0.8436965012666054
future,01198125,2,2,-8.873101302223652,3.7584226808492596,-25.19115626078376,13.818493876340213,3.2932575414785403
future,01198125,99,0,0.0,-0.11305916611675954,-23.039551032516247,7.800779760139003,0.0
future,01198125,99,1,0.0,-0.9927866133104125,-28.670185071952247,,0.0
future,01198125,99,2,0.0,0.09716731545777685,12.669891451092449,,0.0
future,01198125,99,3,0.0,1.4182341580951539,7.928444293766157,,0.0
future,01198125,99,4,0.0,0.8851004062259724,-19.390857796693286,,0.0
historical,01197500,1,0,-14.916560513149552,16.70784231451672,10.793225492649535,14.913173635794024,7.912295834079886
historical,01197500,1,1,15.667694646664025,8.145722279820042,-0.12051638590080578,7.722644850158902,4.384087192236761
historical,01197500,1,2,-8.575479384265696,6.094027241783529,2.3676154313658717,0.7127495234851722,3.686119130422545
historical,01197500,2,0,12.23754052492836,3.018930762818863,3.1346490724660017,-3.349621704615374,3.304779372210556
historical,01197500,2,1,2.0143453071991844,1.0210494427645969,-1.027540957696022,2.459813759377418,0.9515908515493644
historical,01197500,2,2,-10.498379002865672,11.455924495214155,2.565465516884525,-1.996752360935759,3.333579005123445
historical,01197500,99,0,0.0,1.1792918792089016,-0.7280845515115832,-3.8313109285124254,0.0
historical,01197500,99,1,0.0,-2.596229652863888,0.7470886966731459,,0.0
historical,01197500,99,2,0.0,5.520704169434184,-1.3917243533416253,,0.0
historical,01197500,99,3,0.0,-2.3163418714002666,-3.59940390958543,,0.0
historical,01197500,99,4,0.0,4.849914293186921,1.5201434530719922,,0.0
future,01197500,1,0,-38.9954684230411,15.136776212387169,7.881130240325134,29.59086313413795,7.912295834079886
future,01197500,1,1,9.803688585534678,13.639698008710251,5.547393009176288,23.818421013311553,4.384087192236761
future,01197500,1,2,-2.7567982548199104,11.070594839737002,8.072382852438796,25.97570494161744,3.686119130422545
future,01197500,2,0,3.209457897032389,6.799357653057234,9.753598615695381,14.564583687603658,3.304779372210556
future,01197500,2,1,4.012676177594561,5.367809083218371,3.9521270805303037,11.939840807814608,0.9515908515493644
future,01197500,2,2,-8.785595718445984,15.925266334203982,6.959446335072017,14.04945388414276,3.333579005123445
future,01197500,99,0,0.0,8.245634381641462,1.8190343308399866,11.017729999409458,0.0
future,01197500,99,1,0.0,-4.658367195054177,6.623900457569031,,0.0
future,01197500,99,2,0.0,3.287794625431623,3.9456523827243717,,0.0
future,01197500,99,3,0.0,-2.4184775068286686,0.7864979071073018,,0.0
future,01197500,99,4,0.0,2.173008194406007,5.349736849782037,,0.0
historical,01166500,1,0,-13.435326179239649,0.9651992214415159,6.7293105940367655,7.189036190059213,6.568224580669959
historical,01166500,1,1,-0.10244190631757391,12.508437424133357,15.01601882685775,-7.3352614864741525,3.4148161874321494
historical,01166500,1,2,10.836810043236103,6.138094496343671,7.538040328431564,1.7259356243834223,3.0258821825088824
historical,01166500,2,0,-7.024146820301455,6.983029726395919,9.989208516992031,-5.00014734794744,2.6529255340636544
historical,01166500,2,1,-1.1175990985112172,0.6949209864173316,3.864445501607501,-0.9880732361398111,1.646716735234357
historical,01166500,2,2,5.0144611485562045,-0.9434478577713385,5.09122241260513,2.5945868574050817,2.353701283666296
historical,01166500,99,0,0.0,-1.665733462999526,2.019789530998505,-3.793297492699251,0.0
historical,01166500,99,1,0.0,2.077886721704637,3.1808913568500707,,0.0
historical,01166500,99,2,0.0,-2.3255716047875423,-13.902208675566477,,0.0
historical,01166500,99,3,0.0,-1.5077203307891214,7.817019108923819,,0.0
historical,01166500,99,4,0.0,2.9891986937955344,2.6717691155895595,,0.0
future,01166500,1,0,-14.623000097070756,3.177921966020876,11.09235136995191,20.009336243274582,6.568224580669959
future,01166500,1,1,1.177828167315076,18.3212867437343,17.88348673784462,8.609521441184397,3.4148161874321494
future,01166500,1,2,12.917608743784475,9.983018071520425,10.428889128839067,18.722330745143463,3.0258821825088824
future,01166500,2,0,-7.10372500837099,13.465022353540409,16.516206998474136,-1.7072455137496902,2.6529255340636544
future,01166500,2,1,0.24442197638235838,2.2004521970165487,10.459537310616597,0.21999068557037865,1.646716735234357
future,01166500,2,2,4.90469069876764,-2.326862313316035,8.158196970738075,2.1875821420352386,2.353701283666296
future,01166500,99,0,0.0,-0.42602063353390895,4.898691944327198,-5.918371130939723,0.0
future,01166500,99,1,0.0,0.5595201868993765,8.935744614481864,,0.0
future,01166500,99,2,0.0,-1.4419914992196154,-58.718644237869164,,0.0
future,01166500,99,3,0.0,0.13971644433101527,10.577767307224574,,0.0
future,01166500,99,4,0.0,2.3095204595700287,5.929277957195072,,0.0
historical,01171300,1,0,-1.970786609353225,-1.6730223040238932,4.640154299390211,-1.8036387371441684,1.1557747612881417
historical,01171300,1,1,21.624406823514196,18.949011813547063,21.765387306758242,3.6187440829359243,4.49499413549153
historical,01171300,1,2,-2.118161932035354,5.165927707442712,8.461475135100171,2.8035858143350243,1.8591742253132413
historical,01171300,2,0,1.0374340670002793,-0.8094984681786938,5.514850728276659,10.523700598027741,0.9111201376886507
historical,01171300,2,1,3.6443234406882303,5.526831864235357,6.637843336724311,6.5089174933405465,1.5109196812525987
historical,01171300,2,2,-2.372926454936227,1.0811688884446,-2.3413932811553666,9.785721426093298,0.5382553510032088
historical,01171300,99,0,0.0,2.414309151529761,6.1541876642812205,3.9605372253159197,0.0
historical,01171300,99,1,0.0,-0.48056850857643424,12.052581751039343,,0.0
historical,01171300,99,2,0.0,3.560602496780526,12.573062878177574,,0.0
historical,01171300,99,3,0.0,-1.1050576564604055,-3.7772919986592886,,0.0
historical,01171300,99,4,0.0,1.7124938991761662,4.379362456559195,,0.0
future,01171300,1,0,-6.192767398162554,-3.041456564846058,-29.75786456694732,30.364054621181722,1.1557747612881417
future,01171300,1,1,16.392473568301014,25.01138662872086,-1.3924302731347715,32.490135917958554,4.49499413549153
future,01171300,1,2,5.400119494658821,10.140478382723495,2.966411610031779,34.9810511489094,1.8591742253132413
future,01171300,2,0,-2.6082739949027154,-1.2103596673776686,-20.830516742240786,41.76800140853608,0.9111201376886507
future,01171300,2,1,8.286175276151004,10.727445383147796,-11.638202500151532,37.718460192981,1.5109196812525987
future,01171300,2,2,-2.021711082696655,0.9436037164570693,-37.38237424918966,41.11395576388547,0.5382553510032088
future,01171300,99,0,0.0,4.517302191601318,-17.240019742595802,34.137084041690365,0.0
future,01171300,99,1,0.0,-1.0388530821828814,6.392386977968534,,0.0
future,01171300,99,2,0.0,5.66370046672189,7.307011796489629,,0.0
future,01171300,99,3,0.0,-0.6922608447175574,-30.20951974115263,,0.0
future,01171300,99,4,0.0,4.035513581693651,-20.189921462568442,,0.0
historical,01105000,1,0,37.46035755672105,33.64281183720768,34.28854798400705,8.944025387728118,7.95605418135835
historical,01105000,1,1,-22.62754427702881,0.7580981013728509,2.233090319548288,-5.246847757143575,4.343525846040099
historical,01105000,1,2,-8.220781578160922,-4.1791331150971525,-1.0314799822484655,-4.971464342679113,1.9248332868603737
historical,01105000,2,0,-9.121057582740981,-6.300689700867354,-1.7689415821363834,-5.272384565001182,1.8820858005670538
historical,01105000,2,1,24.188188329126664,24.30255181728897,23.267137786262442,-4.582200568849648,6.006877298543197
historical,01105000,2,2,1.2622084921619274,2.359601046042865,2.72491543520587,-11.348764467119288,0.26526546590274364
historical,01105000,99,0,0.0,-0.8278066849841503,1.4041793401702956,7.3124304208258915,0.0
historical,01105000,99,1,0.0,1.1090566634158998,2.963581061075075,,0.0
historical,01105000,99,2,0.0,2.9918095865176695,2.139018240872834,,0.0
historical,01105000,99,3,0.0,-0.10925612659078944,0.20215489247278642,,0.0
historical,01105000,99,4,0.0,3.244969076306053,2.054953830141578,,0.0
future,01105000,1,0,39.87435729643827,33.48134991119005,36.934187155277186,25.977844255398708,7.95605418135835
future,01105000,1,1,-26.795503412171634,2.568383658969809,2.615593156959897,8.188277087033752,4.343525846040099
future,01105000,1,2,-9.158549125923154,-3.4697578760400067,1.096101710760029,10.595494063756194,1.9248332868603737
future,01105000,2,0,-10.342432457698417,-4.683883331775261,-0.6306441058240627,10.064504066560719,1.8820858005670538
future,01105000,2,1,25.646442927923722,23.200056090492666,21.37861082546509,12.90688978218192,6.006877298543197
future,01105000,2,2,1.5441712629709294,2.82995232308124,2.3311676170889037,5.667009441899601,0.26526546590274364
future,01105000,99,0,0.0,-0.5932971861269487,2.0908665981116243,17.378236888847344,0.0
future,01105000,99,1,0.0,0.44517154342339343,4.197625502477331,,0.0
future,01105000,99,2,0.0,3.4176404599420422,3.22113676731794,,0.0
future,01105000,99,3,0.0,-0.12213704777039726,-0.9710199121248918,,0.0
future,01105000,99,4,0.0,2.76614938767879,-2.463260727306718,,0.0
historical,01175500,1,0,-29.393128368129794,53.010027385062976,44.70702124024828,84.53701642586104,5.4453316756259476
historical,01175500,1,1,27.08998762754244,4.562796693085399,41.89500494380627,87.69484032282278,4.225564947386431
historical,01175500,99,0,0.0,4.249085007583956,47.21412634401644,5.6794239300930265,0.0
historical,01175500,99,1,0.0,-6.460597087554554,45.49803024263476,,0.0
historical,01175500,99,2,0.0,4.0150954335795745,23.816204295675853,,0.0
historical,01175500,99,3,0.0,-5.041129362067806,34.92449694829969,,0.0
historical,01175500,99,4,0.0,7.900771854988584,41.57145741337986,,0.0
future,01175500,1,0,-28.668091581771925,72.13342316493781,71.63509008328785,72.6729935994982,5.4453316756259476
future,01175500,1,1,29.081626726451155,4.432144226189787,61.34898416717972,87.39066293400863,4.225564947386431
future,01175500,99,0,0.0,7.713127417612421,67.86622835038972,-6.154239316040748,0.0
future,01175500,99,1,0.0,-12.39850383913947,62.52453912902065,,0.0
future,01175500,99,2,0.0,8.73883397028588,41.24258018051507,,0.0
future,01175500,99,3,0.0,-12.662771382438695,62.0262060473707,,0.0
future,01175500,99,4,0.0,7.617294132679736,66.46415835143519,,0.0
historical,01181000,1,0,-10.08263561489598,-0.16806779008372738,14.30364430190178,28.2417251669711,2.673683860274865
historical,01181000,1,1,25.316456081817968,26.16109040261938,31.24428045539456,11.118124513343673,6.37505788323519
historical,01181000,99,0,0.0,2.9200902697979996,2.0216267329230093,12.457305236939945,0.0
historical,01181000,99,1,0.0,6.521651713091188,7.369241005007001,,0.0
historical,01181000,99,2,0.0,1.0925167945935554,4.672479531493896,,0.0
historical,01181000,99,3,0.0,0.10473392465250524,2.7036767151931795,,0.0
historical,01181000,99,4,0.0,0.5267159852361111,14.612697724123894,,0.0
future,01181000,1,0,-11.047809725776366,-3.873368020327903,-7.940571676251854,49.87402639646253,2.673683860274865
future,01181000,1,1,28.708485482571515,33.68409563940235,31.051353925288982,35.6940988100135,6.37505788323519
future,01181000,99,0,0.0,-3.0266916168923794,-9.471970995460417,31.99381368972489,0.0
future,01181000,99,1,0.0,6.950308249515555,-6.763866142704107,,0.0
future,01181000,99,2,0.0,2.1025787572182235,-9.219006689187596,,0.0
future,01181000,99,3,0.0,-1.0389668306347943,-8.721664741024055,,0.0
future,01181000,99,4,0.0,-2.943035207866721,0.06560289826328077,,0.0
historical,01331500,1,0,4.933147821365553,2.572055563096692,15.669313605719202,54.817655309714496,1.2617751890823743
historical,01331500,1,1,-7.500565585267633,4.522080448848471,10.172277272521608,48.23537396497897,2.9832434239463863
historical,01331500,99,0,0.0,2.821931134337813,10.800076919596401,45.80222614361341,0.0
historical,01331500,99,1,0.0,4.741640649744356,8.846319171078235,,0.0
historical,01331500,99,2,0.0,-0.47565721008098644,4.955544997963895,,0.0
historical,01331500,99,3,0.0,3.3144427853943252,5.730283697570251,,0.0
historical,01331500,99,4,0.0,3.3170444776254486,8.994954979412697,,0.0
future,01331500,1,0,8.213454877104354,6.015468697560739,22.003025852769863,61.79459520618686,1.2617751890823743
future,01331500,1,1,-11.535012510884432,-2.482223688344811,4.815754005356019,52.20712183911913,2.9832434239463863
future,01331500,99,0,0.0,5.869756838557222,16.36498603658392,57.86817281457057,0.0
future,01331500,99,1,0.0,-10.29218056344467,10.893299318609758,,0.0
future,01331500,99,2,0.0,3.380194042938362,7.669519999449563,,0.0
future,01331500,99,3,0.0,5.647519496414922,5.017044312153637,,0.0
future,01331500,99,4,0.0,6.376155240466612,12.313416576138266,,0.0
historical,01173500,1,0,-8.668467918397651,-3.4126502742896636,-1.942420016219339,-10.957196287574455,3.588838353890194
historical,01173500,1,1,11.391998192472132,12.258105296567717,13.675347014418538,3.0255918510618534,3.0868970137211083
historical,01173500,99,0,0.0,-0.4926320376245568,2.394839938296591,2.9435537557981473,0.0
historical,01173500,99,1,0.0,-0.17900443409180558,4.571942702442448,,0.0
historical,01173500,99,2,0.0,-1.3646566436735872,2.863264013384311,,0.0
historical,01173500,99,3,0.0,-2.6677174715590057,4.483045684459966,,0.0
historical,01173500,99,4,0.0,-0.2345482592457659,1.4348597350303973,,0.0
future,01173500,1,0,8.525908453719014,9.279595571261888,16.021018878377586,18.32520502639951,3.588838353890194
future,01173500,1,1,-4.629777303976295,12.091730951641468,7.96444670153025,13.11665309617144,3.0868970137211083
future,01173500,99,0,0.0,-1.870524884370985,8.289509027876878,-1.3747471271121707,0.0
future,01173500,99,1,0.0,1.9444980735492872,9.177292224525942,,0.0
future,01173500,99,2,0.0,-3.122507995400023,5.1406644785991915,,0.0
future,01173500,99,3,0.0,-8.635766509137,9.756591483325082,,0.0
future,01173500,99,4,0.0,-1.0433892101971805,5.062284376023031,,0.0
historical,01162000,1,0,-4.4956064033408705,-1.6071428571428557,13.751413781103187,4.23373064207413,5.570158490232524
historical,01162000,1,1,5.9919305724725955,9.80816077953715,5.271337219418831,4.736166695667305,3.4355156979421495
historical,01162000,99,0,0.0,-1.2368409605011288,3.985666434661562,-3.1483817643988123,0.0
historical,01162000,99,1,0.0,-0.640116582564816,1.1870323647120273,,0.0
historical,01162000,99,2,0.0,2.1560161823560153,2.6920567252479577,,0.0
historical,01162000,99,3,0.0,-3.163063337393421,2.684335305376721,,0.0
historical,01162000,99,4,0.0,0.3636680006960178,7.265638594049073,,0.0
future,01162000,1,0,-8.043856510511164,-4.207257707751269,14.304287107549449,0.9134517377913922,5.570158490232524
future,01162000,1,1,5.496612725730174,8.657110061672162,3.093166325359347,13.574388501622797,3.4355156979421495
future,01162000,99,0,0.0,-1.3605770166102922,3.760555362415933,-12.326903898516262,0.0
future,01162000,99,1,0.0,-0.562416946437167,1.0748431551176247,,0.0
future,01162000,99,2,0.0,2.200861261745924,3.2108264204855472,,0.0
future,01162000,99,3,0.0,-4.239146892411644,2.2554196811250717,,0.0
future,01162000,99,4,0.0,0.5483755547829993,8.666583771703891,,0.0
historical,01110500,1,0,-0.9442326867009134,9.613503552902273,13.75605823478184,11.112758894877004,6.736932830313252
historical,01110500,1,1,-0.2203209602302123,1.0870902803195703,4.559531622723428,-0.7560172154838406,3.5994084511836957
historical,01110500,99,0,0.0,1.633909075992979,1.6302015625197201,4.9819515088791,0.0
historical,01110500,99,1,0.0,1.81857480026757,4.06367141649102,,0.0
historical,01110500,99,2,0.0,2.624446239476971,5.979114866655728,,0.0
historical,01110500,99,3,0.0,4.728893993512639,5.136404942509875,,0.0
historical,01110500,99,4,0.0,0.60329921369161,2.865355731973595,,0.0
future,01110500,1,0,-22.41515714403605,14.20811769606746,13.211158237108833,23.90889149473749,6.736932830313252
future,01110500,1,1,9.500838335426083,12.953851277862363,23.950499418625622,12.945549459319361,3.5994084511836957
future,01110500,99,0,0.0,10.911208591591546,20.441745694543478,17.530327580864903,0.0
future,01110500,99,1,0.0,10.239799016926321,19.454916430830785,,0.0
future,01110500,99,2,0.0,12.055772407621266,10.689332607912522,,0.0
future,01110500,99,3,0.0,14.55417504878554,21.88136997795571,,0.0
future,01110500,99,4,0.0,10.863967290834943,21.56219470432925,,0.0
historical,01105933,1,0,0.10144199567643694,3.002787853941861,-10.440339467223234,-3.840846742690316,0.7368975113441922
historical,01105933,1,1,-5.362607655236052,8.823292496763221,16.580232497981314,,9.736033313690239
historical,01105933,99,0,0.0,3.2570149857791275,5.688937845330097,-2.012402249929766,0.0
historical,01105933,99,1,0.0,3.5717536760444304,-15.980879919265531,,0.0
historical,01105933,99,2,0.0,3.2377613080974803,-7.438206500277348,,0.0
historical,01105933,99,3,0.0,2.4988523105395544,-2.9984001110688334,,0.0
historical,01105933,99,4,0.0,2.694663522335903,-7.743776772599005,,0.0
future,01105933,1,0,-0.46676599728378854,4.000342822483882,-32.17670301464028,13.35996800323484,0.7368975113441922
future,01105933,1,1,6.232380902150553,14.51097251706421,24.90139458428379,,9.736033313690239
future,01105933,99,0,0.0,4.720929312640923,-8.282107742953459,12.920891514264493,0.0
future,01105933,99,1,0.0,4.247966139686979,-40.89318442531085,,0.0
future,01105933,99,2,0.0,-2.802837515328118,-41.17495813610053,,0.0
future,01105933,99,3,0.0,3.2850305243865474,-35.75928587439512,,0.0
future,01105933,99,4,0.0,3.600646967559325,-42.02625668613722,,0.0
historical,01105880,1,0,2.2822719883578375,10.48951343075794,13.522343237724312,10.215914181105461,6.370764960973601
historical,01105880,1,1,0.3767510036528987,1.719616498392265,2.288370664945017,-7.820396077499458,2.911672203402003
historical,01105880,99,0,0.0,0.04437312965155832,-1.8457960139891003,-0.855286816553911,0.0
historical,01105880,99,1,0.0,0.16971144847775163,-2.4390500364869094,,0.0
historical,01105880,99,2,0.0,0.26224309324876466,-0.9915606933984976,,0.0
historical,01105880,99,3,0.0,-0.01671878581658151,-2.714541978873341,,0.0
historical,01105880,99,4,0.0,-0.19936363464300522,-2.148626851421514,,0.0
future,01105880,1,0,5.182724314393701,14.13927610856415,13.215942343577794,7.169135628795788,6.370764960973601
future,01105880,1,1,-0.831848167446593,-2.004484843854955,0.7298352048131489,-18.663900360818452,2.911672203402003
future,01105880,99,0,0.0,-0.9374013059522464,1.9009812808542625,-11.57236911364244,0.0
future,01105880,99,1,0.0,-0.5260887671151184,-3.5046809509657684,,0.0
future,01105880,99,2,0.0,-0.8645482130030666,-3.083679509741538,,0.0
future,01105880,99,3,0.0,-0.41224416406665493,1.4389883295307504,,0.0
future,01105880,99,4,0.0,-0.04406587335672945,-1.0149125250490711,,0.0
historical,01103280,1,0,32.39835038039514,24.741943294521977,29.667999558053644,0.16949112698669638,6.37505788323519
historical,01103280,1,1,-10.705445108147565,-3.097620777120344,-5.144365223210335,5.874830450103551,2.673683860274865
historical,01103280,99,0,0.0,2.7812843556477036,3.234436083509052,6.122445781253796,0.0
historical,01103280,99,1,0.0,-0.6539865676518821,1.5204051488317014,,0.0
historical,01103280,99,2,0.0,0.8879673837324581,3.297358586962737,,0.0
historical,01103280,99,3,0.0,-2.2377843756293245,3.835843572932509,,0.0
historical,01103280,99,4,0.0,-0.22857402562191567,-11.720589606581553,,0.0
future,01103280,1,0,30.40682165529661,21.929130330436468,29.270944362879188,23.18368978713032,6.37505788323519
future,01103280,1,1,-13.115507071740051,-4.045282195983477,-28.35375807010519,9.320936248127184,2.673683860274865
future,01103280,99,0,0.0,2.651299394244732,3.2026012323143824,9.39487761763414,0.0
future,01103280,99,1,0.0,-4.097918425124021,-21.84134061969134,,0.0
future,01103280,99,2,0.0,4.849488582637941,3.0785301207688156,,0.0
future,01103280,99,3,0.0,-2.9329658823241895,-19.258969620749706,,0.0
future,01103280,99,4,0.0,-5.049192942484269,-27.160168912165805,,0.0
historical,01097000,1,0,-2.1178328077093242,0.9696467089026523,0.6046736014480896,-4.927575524394668,4.099582181282285
historical,01097000,1,1,1.1084752385243206,3.6549939596432433,1.639149485871946,5.626901316917386,2.2160125068239593
historical,01097000,99,0,0.0,0.27853420675961876,-0.23068979678086216,6.750447544585011,0.0
historical,01097000,99,1,0.0,-0.7387974307551848,2.6145375239720434,,0.0
historical,01097000,99,2,0.0,-1.1279319652490092,1.3394042573550817,,0.0
historical,01097000,99,3,0.0,0.2861095716729257,4.702068872028165,,0.0
historical,01097000,99,4,0.0,-0.06474943483790638,1.480306044742501,,0.0
future,01097000,1,0,-6.297372910750096,-2.5503242265835873,-20.852561269698175,10.113909200123715,4.099582181282285
future,01097000,1,1,3.395971949074508,6.128701139326759,2.5806663650059507,17.086732151691912,2.2160125068239593
future,01097000,99,0,0.0,0.2291799817008165,-9.33868810453189,14.835427645150748,0.0
future,01097000,99,1,0.0,-1.1696102062267653,-9.398257293117378,,0.0
future,01097000,99,2,0.0,-1.1863365301153037,1.3048293298730413,,0.0
future,01097000,99,3,0.0,0.3355828771742039,-9.286337645203565,,0.0
future,01097000,99,4,0.0,-0.1464286950943732,0.2020657303446665,,0.0
historical,01332500,1,0,3.5968989408225225,3.3697687943327344,7.186929026408458,55.38815900941949,0.7142854222317037
historical,01332500,1,1,-10.134583770268845,6.5332887620949105,4.777609363623458,50.28505749231833,3.528443920007513
historical,01332500,99,0,0.0,-3.1388836736469505,0.24013517907105272,60.09011938070401,0.0
historical,01332500,99,1,0.0,-2.1906153120520946,5.122151142290626,,0.0
historical,01332500,99,2,0.0,0.8722530303099676,4.581892781748991,,0.0
historical,01332500,99,3,0.0,-4.498917010491034,2.9966525778813686,,0.0
historical,01332500,99,4,0.0,0.49831255123021057,7.768217348896633,,0.0
future,01332500,1,0,4.4320349203328915,-4.9770988216426355,-5.593629802791638,73.57586836466106,0.7142854222317037
future,01332500,1,1,-14.586759449284422,3.757797953164712,-28.837533015299165,69.14060553343208,3.528443920007513
future,01332500,99,0,0.0,-2.0320548540984316,-31.40723323864795,70.9471030349158,0.0
future,01332500,99,1,0.0,1.123312991831686,-22.447118891320205,,0.0
future,01332500,99,2,0.0,-0.6141525204887408,10.800363338180864,,0.0
future,01332500,99,3,0.0,-0.9631066773584163,-30.379058673226684,,0.0
future,01332500,99,4,0.0,-0.5313028074896604,13.827350938472618,,0.0
